timestamp,model,latency,status,error
2026-04-29 10:36,GPT-4.1,3.174,ok,
2026-04-29 10:36,GPT-4o,2.796,ok,
2026-04-29 10:36,gpt-4o-2024-11-20,2.266,ok,
2026-04-29 10:36,gpt-4o-2024-08-06,3.109,ok,
2026-04-29 10:36,gpt-4o-mini-2024-07-18,2.023,ok,
2026-04-29 10:36,gpt-5,4.672,ok,
2026-04-29 10:36,gpt-5-codex,3.156,ok,
2026-04-29 10:36,gpt-5.1,2.602,ok,
2026-04-29 10:36,gpt-5.1-codex,4.572,ok,
2026-04-29 10:36,gpt-5.2,4.129,ok,
2026-04-29 10:36,gpt-5.2-codex,2.853,ok,
2026-04-29 10:36,gpt-5.3-codex,2.873,ok,
2026-04-29 10:36,gpt-5.4,2.74,ok,
2026-04-29 10:36,gpt-oss-120b,1.393,ok,
2026-04-29 10:36,mog-5,24.951,ok,
2026-04-29 10:36,claude-3.7-sonnet-20250219,3.948,ok,
2026-04-29 10:36,claude-sonnet-4-20250514,3.707,ok,
2026-04-29 10:36,claude-sonnet-4-5-20250929,8.039,ok,
2026-04-29 10:36,claude-sonnet-4-6,4.969,ok,
2026-04-29 10:36,claude-haiku-4-5-20251001,7.814,ok,
2026-04-29 10:36,claude-opus-4-20250514,3.166,ok,
2026-04-29 10:36,claude-opus-4-1-20250805,3.93,ok,
2026-04-29 10:36,claude-opus-4-5-20251101,13.511,ok,
2026-04-29 10:36,claude-opus-4-6,4.012,ok,
2026-04-29 10:36,claude-opus-4-7-stable,10.792,ok,
2026-04-29 10:36,gemini-2.5-flash-lite,2.271,ok,
2026-04-29 10:36,gemini-2.5-flash,1.017,ok,
2026-04-29 10:36,gemini-2.5-pro,0.93,ok,
2026-04-29 10:36,gemini-3-flash-preview,0.945,ok,
2026-04-29 10:36,gemini-3.1-flash-lite-preview,3.98,ok,
2026-04-29 10:36,gemini-3.1-pro-preview,0.904,ok,
2026-04-29 10:36,kimi-k2,1.624,ok,
2026-04-29 10:36,kimi-k2-5-260127,1.911,ok,
2026-04-29 10:36,kimi-k2-thinking,2.046,ok,
2026-04-29 10:36,mimo-v2-flash,1.527,ok,
2026-04-29 10:36,mimo-v2-pro,2.712,ok,
2026-04-29 10:36,deepseek-v3,2.444,ok,
2026-04-29 10:36,deepseek-v3-2-251201,2.43,ok,
2026-04-29 10:36,deepseek-reasoner,6.35,ok,
2026-04-29 10:36,deepseek-v3.1,2.09,ok,
2026-04-29 10:36,deepseek-v3.2-speciale,4.511,ok,
2026-04-29 10:36,deepseek-v4-flash,1.775,ok,
2026-04-29 10:36,deepseek-v4-pro,2.718,ok,
2026-04-29 10:36,qwen-flash,1.319,ok,
2026-04-29 10:36,qwen-turbo,1.332,ok,
2026-04-29 10:36,qwen-long,1.468,ok,
2026-04-29 10:36,qwen-plus,1.315,ok,
2026-04-29 10:36,qwen3.5-flash,2.971,ok,
2026-04-29 10:36,qwen3.5-plus,5.274,ok,
2026-04-29 10:36,qwen3.5-35b-a3b,3.588,ok,
2026-04-29 10:36,qwen3.5-397b-a17b,1.267,ok,
2026-04-29 10:36,qwen3-next,1.394,ok,
2026-04-29 10:36,qwen3-32b,2.958,ok,
2026-04-29 10:36,qwen3-max,1.963,ok,
2026-04-29 10:36,qwen3-235b,2.149,ok,
2026-04-29 10:36,qwen3-coder,1.638,ok,
2026-04-29 10:36,qwen3-30b-a3b-instruct-2507,1.504,ok,
2026-04-29 10:36,glm-4.6,3.411,ok,
2026-04-29 10:36,glm-4.7,1.82,ok,
2026-04-29 10:36,glm-5,7.839,ok,
2026-04-29 10:36,glm-5.1,4.882,ok,
2026-04-29 10:36,minimax-m2.5,2.353,ok,
2026-04-29 10:36,minimax-m2.5-highspeed,2.354,ok,
2026-04-29 10:36,minimax-m2.7,2.32,ok,
2026-04-29 10:36,hunyuan-vision-1.5-instruct,2.412,ok,
2026-04-29 10:36,hunyuan-t1-vision-20250916,2.086,ok,
2026-04-29 10:36,doubao-seed-2-0-lite,2.946,ok,
2026-04-29 10:57,GPT-4.1,1.984,ok,
2026-04-29 10:57,GPT-4o,2.386,ok,
2026-04-29 10:57,gpt-4o-2024-11-20,2.16,ok,
2026-04-29 10:57,gpt-4o-2024-08-06,2.837,ok,
2026-04-29 10:57,gpt-4o-mini-2024-07-18,1.935,ok,
2026-04-29 10:57,gpt-5,5.749,ok,
2026-04-29 10:57,gpt-5-codex,8.102,ok,
2026-04-29 10:57,gpt-5.1,4.69,ok,
2026-04-29 10:57,gpt-5.1-codex,7.225,ok,
2026-04-29 10:57,gpt-5.2,2.185,ok,
2026-04-29 10:57,gpt-5.2-codex,2.718,ok,
2026-04-29 10:57,gpt-5.3-codex,2.062,ok,
2026-04-29 10:57,gpt-5.4,3.0,ok,
2026-04-29 10:57,gpt-oss-120b,1.662,ok,
2026-04-29 10:57,mog-5,25.81,ok,
2026-04-29 10:57,claude-3.7-sonnet-20250219,5.211,ok,
2026-04-29 10:57,claude-sonnet-4-20250514,7.105,ok,
2026-04-29 10:57,claude-sonnet-4-5-20250929,3.723,ok,
2026-04-29 10:57,claude-sonnet-4-6,4.306,ok,
2026-04-29 10:57,claude-haiku-4-5-20251001,3.118,ok,
2026-04-29 10:57,claude-opus-4-20250514,5.585,ok,
2026-04-29 10:57,claude-opus-4-1-20250805,6.437,ok,
2026-04-29 10:57,claude-opus-4-5-20251101,4.389,ok,
2026-04-29 10:57,claude-opus-4-6,29.838,ok,
2026-04-29 10:57,claude-opus-4-7-stable,3.906,ok,
2026-04-29 10:57,claude-sonnet-4-5-20250929-stable,4.492,ok,
2026-04-29 10:57,claude-sonnet-4-6-stable,4.164,ok,
2026-04-29 10:57,claude-haiku-4-5-20251001-stable,8.308,ok,
2026-04-29 10:57,claude-opus-4-6-stable,5.289,ok,
2026-04-29 10:57,claude-opus-4-5-20251101-stable,3.826,ok,
2026-04-29 10:57,gemini-2.5-flash-lite,2.829,ok,
2026-04-29 10:57,gemini-2.5-flash,0.988,ok,
2026-04-29 10:57,gemini-2.5-pro,0.89,ok,
2026-04-29 10:57,gemini-3-flash-preview,1.381,ok,
2026-04-29 10:57,gemini-3.1-flash-lite-preview,2.279,ok,
2026-04-29 10:57,gemini-3.1-pro-preview,10.173,ok,
2026-04-29 10:57,kimi-k2,1.554,ok,
2026-04-29 10:57,kimi-k2-5-260127,1.565,ok,
2026-04-29 10:57,kimi-k2-thinking,3.077,ok,
2026-04-29 10:57,mimo-v2-flash,2.367,ok,
2026-04-29 10:57,mimo-v2-pro,3.702,ok,
2026-04-29 10:57,deepseek-v3,2.043,ok,
2026-04-29 10:57,deepseek-v3-2-251201,1.992,ok,
2026-04-29 10:57,deepseek-reasoner,1.954,ok,
2026-04-29 10:57,deepseek-v3.1,2.142,ok,
2026-04-29 10:57,deepseek-v3.2-speciale,4.534,ok,
2026-04-29 10:57,deepseek-v4-flash,-1,fail,"HTTP 500 - 平台服务器内部错误，上游服务异常; body={""error"":{""message"":""通用openapi服务商聊天完成请求失败 error, status code: 502, status: 502 Bad Gateway, message: \u003chtml\u003e\r\n\u003chead\u003e\u003ctitle\u003e502 Bad Gate"
2026-04-29 10:57,deepseek-v4-pro,1.909,ok,
2026-04-29 10:57,qwen-flash,1.084,ok,
2026-04-29 10:57,qwen-turbo,1.022,ok,
2026-04-29 10:57,qwen-long,1.413,ok,
2026-04-29 10:57,qwen-plus,1.791,ok,
2026-04-29 10:57,qwen3.5-flash,2.77,ok,
2026-04-29 10:57,qwen3.5-plus,7.062,ok,
2026-04-29 10:57,qwen3.5-35b-a3b,4.192,ok,
2026-04-29 10:57,qwen3.5-397b-a17b,1.212,ok,
2026-04-29 10:57,qwen3-next,1.381,ok,
2026-04-29 10:57,qwen3-32b,3.705,ok,
2026-04-29 10:57,qwen3-max,1.557,ok,
2026-04-29 10:57,qwen3-235b,1.717,ok,
2026-04-29 10:57,qwen3-coder,1.324,ok,
2026-04-29 10:57,qwen3-30b-a3b-instruct-2507,1.412,ok,
2026-04-29 10:57,glm-4.6,3.583,ok,
2026-04-29 10:57,glm-4.7,1.915,ok,
2026-04-29 10:57,glm-5,7.731,ok,
2026-04-29 10:57,glm-5.1,3.741,ok,
2026-04-29 10:57,minimax-m2.5,2.502,ok,
2026-04-29 10:57,minimax-m2.5-highspeed,2.934,ok,
2026-04-29 10:57,minimax-m2.7,2.768,ok,
2026-04-29 10:57,hunyuan-vision-1.5-instruct,2.173,ok,
2026-04-29 10:57,hunyuan-t1-vision-20250916,2.277,ok,
2026-04-29 10:57,doubao-seed-2-0-lite,4.702,ok,
2026-04-29 11:42,GPT-4.1,2.074,ok,
2026-04-29 11:42,GPT-4o,2.732,ok,
2026-04-29 11:42,gpt-4o-2024-11-20,2.061,ok,
2026-04-29 11:42,gpt-4o-2024-08-06,3.351,ok,
2026-04-29 11:42,gpt-4o-mini-2024-07-18,1.957,ok,
2026-04-29 11:42,gpt-5,5.392,ok,
2026-04-29 11:42,gpt-5-codex,4.06,ok,
2026-04-29 11:42,gpt-5.1,3.451,ok,
2026-04-29 11:42,gpt-5.1-codex,3.781,ok,
2026-04-29 11:42,gpt-5.2,3.482,ok,
2026-04-29 11:42,gpt-5.2-codex,2.859,ok,
2026-04-29 11:42,gpt-5.3-codex,2.814,ok,
2026-04-29 11:42,gpt-5.4,3.755,ok,
2026-04-29 11:42,gpt-oss-120b,1.659,ok,
2026-04-29 11:42,mog-5,-1,fail,Request timeout (>60s) - model too slow or service unavailable
2026-04-29 11:42,claude-3.7-sonnet-20250219,38.967,ok,
2026-04-29 11:42,claude-sonnet-4-20250514,42.36,ok,
2026-04-29 11:42,claude-sonnet-4-5-20250929,-1,fail,Request timeout (>60s) - model too slow or service unavailable
2026-04-29 11:42,claude-sonnet-4-6,10.505,ok,
2026-04-29 11:42,claude-haiku-4-5-20251001,4.79,ok,
2026-04-29 11:42,claude-opus-4-20250514,13.243,ok,
2026-04-29 11:42,claude-opus-4-1-20250805,-1,fail,"HTTP 429 - 请求过于频繁，触发限流 (retried); body={""error"":{""message"":""当前分组上游负载已饱和，请稍后再试 (request id: 2026042911385046864591ZEakVNqg) (request id: 202604290338492214189038268d9d6ow8i8fzU) (request id: 2026042911"
2026-04-29 11:42,claude-opus-4-5-20251101,4.488,ok,
2026-04-29 11:42,claude-opus-4-6,3.138,ok,
2026-04-29 11:42,claude-opus-4-7-stable,7.783,ok,
2026-04-29 11:42,claude-sonnet-4-5-20250929-stable,3.666,ok,
2026-04-29 11:42,claude-sonnet-4-6-stable,-1,fail,Request timeout (>60s) - model too slow or service unavailable
2026-04-29 11:42,claude-haiku-4-5-20251001-stable,4.087,ok,
2026-04-29 11:42,claude-opus-4-6-stable,5.58,ok,
2026-04-29 11:42,claude-opus-4-5-20251101-stable,4.139,ok,
2026-04-29 11:42,gemini-2.5-flash-lite,1.209,ok,
2026-04-29 11:42,gemini-2.5-flash,1.238,ok,
2026-04-29 11:42,gemini-2.5-pro,4.344,ok,
2026-04-29 11:42,gemini-3-flash-preview,3.099,ok,
2026-04-29 11:42,gemini-3.1-flash-lite-preview,1.212,ok,
2026-04-29 11:42,gemini-3.1-pro-preview,5.464,ok,
2026-04-29 11:42,kimi-k2,1.724,ok,
2026-04-29 11:42,kimi-k2-5-260127,2.285,ok,
2026-04-29 11:42,kimi-k2-thinking,4.216,ok,
2026-04-29 11:42,mimo-v2-flash,8.666,ok,
2026-04-29 11:42,mimo-v2-pro,7.985,ok,
2026-04-29 11:42,deepseek-v3,1.621,ok,
2026-04-29 11:42,deepseek-v3-2-251201,2.865,ok,
2026-04-29 11:42,deepseek-reasoner,6.564,ok,
2026-04-29 11:42,deepseek-v3.1,2.302,ok,
2026-04-29 11:42,deepseek-v3.2-speciale,4.484,ok,
2026-04-29 11:42,deepseek-v4-flash,1.822,ok,
2026-04-29 11:42,deepseek-v4-pro,1.442,ok,
2026-04-29 11:42,qwen-flash,1.594,ok,
2026-04-29 11:42,qwen-turbo,1.37,ok,
2026-04-29 11:42,qwen-long,1.526,ok,
2026-04-29 11:42,qwen-plus,1.505,ok,
2026-04-29 11:42,qwen3.5-flash,2.735,ok,
2026-04-29 11:42,qwen3.5-plus,4.947,ok,
2026-04-29 11:42,qwen3.5-35b-a3b,3.3,ok,
2026-04-29 11:42,qwen3.5-397b-a17b,1.44,ok,
2026-04-29 11:42,qwen3-next,1.48,ok,
2026-04-29 11:42,qwen3-32b,1.944,ok,
2026-04-29 11:42,qwen3-max,2.613,ok,
2026-04-29 11:42,qwen3-235b,5.146,ok,
2026-04-29 11:42,qwen3-coder,3.299,ok,
2026-04-29 11:42,qwen3-30b-a3b-instruct-2507,2.042,ok,
2026-04-29 11:42,glm-4.6,9.921,ok,
2026-04-29 11:42,glm-4.7,14.892,ok,
2026-04-29 11:42,glm-5,4.877,ok,
2026-04-29 11:42,glm-5.1,3.372,ok,
2026-04-29 11:42,minimax-m2.5,2.644,ok,
2026-04-29 11:42,minimax-m2.5-highspeed,2.623,ok,
2026-04-29 11:42,minimax-m2.7,2.439,ok,
2026-04-29 11:42,hunyuan-vision-1.5-instruct,2.456,ok,
2026-04-29 11:42,hunyuan-t1-vision-20250916,2.593,ok,
2026-04-29 11:42,doubao-seed-2-0-lite,4.339,ok,
2026-04-29 13:45,GPT-4.1,2.272,ok,
2026-04-29 13:45,GPT-4o,3.299,ok,
2026-04-29 13:45,gpt-4o-2024-11-20,2.542,ok,
2026-04-29 13:45,gpt-4o-2024-08-06,3.308,ok,
2026-04-29 13:45,gpt-4o-mini-2024-07-18,1.902,ok,
2026-04-29 13:45,gpt-5,3.513,ok,
2026-04-29 13:45,gpt-5-codex,3.427,ok,
2026-04-29 13:45,gpt-5.1,3.402,ok,
2026-04-29 13:45,gpt-5.1-codex,2.626,ok,
2026-04-29 13:45,gpt-5.2,4.814,ok,
2026-04-29 13:45,gpt-5.2-codex,3.014,ok,
2026-04-29 13:45,gpt-5.3-codex,2.703,ok,
2026-04-29 13:45,gpt-5.4,2.722,ok,
2026-04-29 13:45,gpt-oss-120b,2.473,ok,
2026-04-29 13:45,mog-5,8.323,ok,
2026-04-29 13:45,claude-3.7-sonnet-20250219,4.512,ok,
2026-04-29 13:45,claude-sonnet-4-20250514,3.535,ok,
2026-04-29 13:45,claude-sonnet-4-5-20250929,15.424,ok,
2026-04-29 13:45,claude-sonnet-4-6,5.261,ok,
2026-04-29 13:45,claude-haiku-4-5-20251001,4.199,ok,
2026-04-29 13:45,claude-opus-4-20250514,3.759,ok,
2026-04-29 13:45,claude-opus-4-1-20250805,5.643,ok,
2026-04-29 13:45,claude-opus-4-5-20251101,4.067,ok,
2026-04-29 13:45,claude-opus-4-6,6.416,ok,
2026-04-29 13:45,claude-opus-4-7-stable,6.44,ok,
2026-04-29 13:45,claude-sonnet-4-5-20250929-stable,4.453,ok,
2026-04-29 13:45,claude-sonnet-4-6-stable,10.457,ok,
2026-04-29 13:45,claude-haiku-4-5-20251001-stable,4.576,ok,
2026-04-29 13:45,claude-opus-4-6-stable,4.199,ok,
2026-04-29 13:45,claude-opus-4-5-20251101-stable,3.546,ok,
2026-04-29 13:45,gemini-2.5-flash-lite,0.924,ok,
2026-04-29 13:45,gemini-2.5-flash,3.451,ok,
2026-04-29 13:45,gemini-2.5-pro,4.123,ok,
2026-04-29 13:45,gemini-3-flash-preview,1.481,ok,
2026-04-29 13:45,gemini-3.1-flash-lite-preview,9.482,ok,
2026-04-29 13:45,gemini-3.1-pro-preview,13.296,ok,
2026-04-29 13:45,kimi-k2,1.591,ok,
2026-04-29 13:45,kimi-k2-5-260127,1.69,ok,
2026-04-29 13:45,kimi-k2-thinking,1.474,ok,
2026-04-29 13:45,mimo-v2-flash,4.765,ok,
2026-04-29 13:45,mimo-v2-pro,4.518,ok,
2026-04-29 13:45,deepseek-v3,1.725,ok,
2026-04-29 13:45,deepseek-v3-2-251201,2.794,ok,
2026-04-29 13:45,deepseek-reasoner,7.802,ok,
2026-04-29 13:45,deepseek-v3.1,2.144,ok,
2026-04-29 13:45,deepseek-v3.2-speciale,4.478,ok,
2026-04-29 13:45,deepseek-v4-flash,1.999,ok,
2026-04-29 13:45,deepseek-v4-pro,6.954,ok,
2026-04-29 13:45,qwen-flash,1.461,ok,
2026-04-29 13:45,qwen-turbo,1.244,ok,
2026-04-29 13:45,qwen-long,1.453,ok,
2026-04-29 13:45,qwen-plus,3.24,ok,
2026-04-29 13:45,qwen3.5-flash,4.227,ok,
2026-04-29 13:45,qwen3.5-plus,5.874,ok,
2026-04-29 13:45,qwen3.5-35b-a3b,2.469,ok,
2026-04-29 13:45,qwen3.5-397b-a17b,1.232,ok,
2026-04-29 13:45,qwen3-next,1.479,ok,
2026-04-29 13:45,qwen3-32b,1.513,ok,
2026-04-29 13:45,qwen3-max,2.187,ok,
2026-04-29 13:45,qwen3-235b,1.262,ok,
2026-04-29 13:45,qwen3-coder,1.469,ok,
2026-04-29 13:45,qwen3-30b-a3b-instruct-2507,1.273,ok,
2026-04-29 13:45,glm-4.6,7.417,ok,
2026-04-29 13:45,glm-4.7,2.703,ok,
2026-04-29 13:45,glm-5,1.727,ok,
2026-04-29 13:45,glm-5.1,4.213,ok,
2026-04-29 13:45,minimax-m2.5,4.411,ok,
2026-04-29 13:45,minimax-m2.5-highspeed,3.456,ok,
2026-04-29 13:45,minimax-m2.7,3.376,ok,
2026-04-29 13:45,hunyuan-vision-1.5-instruct,2.097,ok,
2026-04-29 13:45,hunyuan-t1-vision-20250916,2.027,ok,
2026-04-29 13:45,doubao-seed-2-0-lite,3.07,ok,
2026-04-29 15:52,GPT-4.1,2.647,ok,
2026-04-29 15:52,GPT-4o,3.291,ok,
2026-04-29 15:52,gpt-4o-2024-11-20,3.138,ok,
2026-04-29 15:52,gpt-4o-2024-08-06,2.377,ok,
2026-04-29 15:52,gpt-4o-mini-2024-07-18,1.547,ok,
2026-04-29 15:52,gpt-5,3.621,ok,
2026-04-29 15:52,gpt-5-codex,2.502,ok,
2026-04-29 15:52,gpt-5.1,2.259,ok,
2026-04-29 15:52,gpt-5.1-codex,2.971,ok,
2026-04-29 15:52,gpt-5.2,1.884,ok,
2026-04-29 15:52,gpt-5.2-codex,2.72,ok,
2026-04-29 15:52,gpt-5.3-codex,3.807,ok,
2026-04-29 15:52,gpt-5.4,2.338,ok,
2026-04-29 15:52,gpt-oss-120b,1.275,ok,
2026-04-29 15:52,mog-5,23.857,ok,
2026-04-29 15:52,claude-3.7-sonnet-20250219,3.413,ok,
2026-04-29 15:52,claude-sonnet-4-20250514,2.775,ok,
2026-04-29 15:52,claude-sonnet-4-5-20250929,2.539,ok,
2026-04-29 15:52,claude-sonnet-4-6,3.546,ok,
2026-04-29 15:52,claude-haiku-4-5-20251001,2.332,ok,
2026-04-29 15:52,claude-opus-4-20250514,2.406,ok,
2026-04-29 15:52,claude-opus-4-1-20250805,2.643,ok,
2026-04-29 15:52,claude-opus-4-5-20251101,3.178,ok,
2026-04-29 15:52,claude-opus-4-6,3.034,ok,
2026-04-29 15:52,claude-opus-4-7-stable,4.625,ok,
2026-04-29 15:52,claude-sonnet-4-5-20250929-stable,-1,fail,Request timeout (>60s) - model too slow or service unavailable
2026-04-29 15:52,claude-sonnet-4-6-stable,11.027,ok,
2026-04-29 15:52,claude-haiku-4-5-20251001-stable,38.533,ok,
2026-04-29 15:52,claude-opus-4-6-stable,5.708,ok,
2026-04-29 15:52,claude-opus-4-5-20251101-stable,11.916,ok,
2026-04-29 15:52,gemini-2.5-flash-lite,0.841,ok,
2026-04-29 15:52,gemini-2.5-flash,2.62,ok,
2026-04-29 15:52,gemini-2.5-pro,0.848,ok,
2026-04-29 15:52,gemini-3-flash-preview,0.847,ok,
2026-04-29 15:52,gemini-3.1-flash-lite-preview,2.605,ok,
2026-04-29 15:52,gemini-3.1-pro-preview,17.551,ok,
2026-04-29 15:52,kimi-k2,-1,fail,"HTTP 500 - 平台服务器内部错误，上游服务异常; body={""error"":{""message"":""The engine is currently overloaded, please try again later"",""type"":""Engine Overloaded Error"",""param"":"""",""code"":null}}"
2026-04-29 15:52,kimi-k2-5-260127,1.609,ok,
2026-04-29 15:52,kimi-k2-thinking,12.516,ok,
2026-04-29 15:52,mimo-v2-flash,3.977,ok,
2026-04-29 15:52,mimo-v2-pro,4.54,ok,
2026-04-29 15:52,deepseek-v3,2.024,ok,
2026-04-29 15:52,deepseek-v3-2-251201,2.778,ok,
2026-04-29 15:52,deepseek-reasoner,1.75,ok,
2026-04-29 15:52,deepseek-v3.1,1.922,ok,
2026-04-29 15:52,deepseek-v3.2-speciale,4.353,ok,
2026-04-29 15:52,deepseek-v4-flash,1.972,ok,
2026-04-29 15:52,deepseek-v4-pro,1.3,ok,
2026-04-29 15:52,qwen-flash,1.187,ok,
2026-04-29 15:52,qwen-turbo,1.116,ok,
2026-04-29 15:52,qwen-long,1.282,ok,
2026-04-29 15:52,qwen-plus,1.161,ok,
2026-04-29 15:52,qwen3.5-flash,2.623,ok,
2026-04-29 15:52,qwen3.5-plus,5.597,ok,
2026-04-29 15:52,qwen3.5-35b-a3b,3.974,ok,
2026-04-29 15:52,qwen3.5-397b-a17b,1.062,ok,
2026-04-29 15:52,qwen3-next,1.285,ok,
2026-04-29 15:52,qwen3-32b,3.155,ok,
2026-04-29 15:52,qwen3-max,1.734,ok,
2026-04-29 15:52,qwen3-235b,1.242,ok,
2026-04-29 15:52,qwen3-coder,1.248,ok,
2026-04-29 15:52,qwen3-30b-a3b-instruct-2507,1.222,ok,
2026-04-29 15:52,glm-4.6,1.93,ok,
2026-04-29 15:52,glm-4.7,9.269,ok,
2026-04-29 15:52,glm-5,1.84,ok,
2026-04-29 15:52,glm-5.1,6.291,ok,
2026-04-29 15:52,minimax-m2.5,4.102,ok,
2026-04-29 15:52,minimax-m2.5-highspeed,3.307,ok,
2026-04-29 15:52,minimax-m2.7,4.325,ok,
2026-04-29 15:52,hunyuan-vision-1.5-instruct,4.355,ok,
2026-04-29 15:52,hunyuan-t1-vision-20250916,2.602,ok,
2026-04-29 15:52,doubao-seed-2-0-lite,3.33,ok,
2026-04-29 16:17,GPT-4.1,2.675,ok,
2026-04-29 16:17,GPT-4o,3.08,ok,
2026-04-29 16:17,gpt-4o-2024-11-20,8.151,ok,
2026-04-29 16:17,gpt-4o-2024-08-06,2.727,ok,
2026-04-29 16:17,gpt-4o-mini-2024-07-18,2.349,ok,
2026-04-29 16:17,gpt-5,3.086,ok,
2026-04-29 16:17,gpt-5-codex,3.053,ok,
2026-04-29 16:17,gpt-5.1,2.406,ok,
2026-04-29 16:17,gpt-5.1-codex,2.728,ok,
2026-04-29 16:17,gpt-5.2,1.866,ok,
2026-04-29 16:17,gpt-5.2-codex,3.165,ok,
2026-04-29 16:17,gpt-5.3-codex,3.687,ok,
2026-04-29 16:17,gpt-5.4,2.485,ok,
2026-04-29 16:17,gpt-oss-120b,1.617,ok,
2026-04-29 16:17,mog-5,8.216,ok,
2026-04-29 16:17,claude-3.7-sonnet-20250219,3.379,ok,
2026-04-29 16:17,claude-sonnet-4-20250514,3.227,ok,
2026-04-29 16:17,claude-sonnet-4-5-20250929,3.621,ok,
2026-04-29 16:17,claude-sonnet-4-6,2.792,ok,
2026-04-29 16:17,claude-haiku-4-5-20251001,2.171,ok,
2026-04-29 16:17,claude-opus-4-20250514,2.426,ok,
2026-04-29 16:17,claude-opus-4-1-20250805,2.516,ok,
2026-04-29 16:17,claude-opus-4-5-20251101,2.239,ok,
2026-04-29 16:17,claude-opus-4-6,3.725,ok,
2026-04-29 16:17,claude-opus-4-7-stable,7.585,ok,
2026-04-29 16:17,claude-sonnet-4-5-20250929-stable,4.945,ok,
2026-04-29 16:17,claude-sonnet-4-6-stable,5.326,ok,
2026-04-29 16:17,claude-haiku-4-5-20251001-stable,4.404,ok,
2026-04-29 16:17,claude-opus-4-6-stable,3.144,ok,
2026-04-29 16:17,claude-opus-4-5-20251101-stable,3.474,ok,
2026-04-29 16:17,gemini-2.5-flash-lite,0.88,ok,
2026-04-29 16:17,gemini-2.5-flash,0.917,ok,
2026-04-29 16:17,gemini-2.5-pro,5.635,ok,
2026-04-29 16:17,gemini-3-flash-preview,0.847,ok,
2026-04-29 16:17,gemini-3.1-flash-lite-preview,0.837,ok,
2026-04-29 16:17,gemini-3.1-pro-preview,1.192,ok,
2026-04-29 16:17,kimi-k2,2.004,ok,
2026-04-29 16:17,kimi-k2-5-260127,1.892,ok,
2026-04-29 16:17,kimi-k2-thinking,1.628,ok,
2026-04-29 16:17,mimo-v2-flash,1.845,ok,
2026-04-29 16:17,mimo-v2-pro,4.48,ok,
2026-04-29 16:17,deepseek-v3,1.806,ok,
2026-04-29 16:17,deepseek-v3-2-251201,2.265,ok,
2026-04-29 16:17,deepseek-reasoner,7.132,ok,
2026-04-29 16:17,deepseek-v3.1,2.215,ok,
2026-04-29 16:17,deepseek-v3.2-speciale,5.713,ok,
2026-04-29 16:17,deepseek-v4-flash,2.401,ok,
2026-04-29 16:17,deepseek-v4-pro,2.171,ok,
2026-04-29 16:17,qwen-flash,3.231,ok,
2026-04-29 16:17,qwen-turbo,1.228,ok,
2026-04-29 16:17,qwen-long,1.398,ok,
2026-04-29 16:17,qwen-plus,1.167,ok,
2026-04-29 16:17,qwen3.5-flash,5.81,ok,
2026-04-29 16:17,qwen3.5-plus,5.378,ok,
2026-04-29 16:17,qwen3.5-35b-a3b,3.217,ok,
2026-04-29 16:17,qwen3.5-397b-a17b,1.536,ok,
2026-04-29 16:17,qwen3-next,1.326,ok,
2026-04-29 16:17,qwen3-32b,3.758,ok,
2026-04-29 16:17,qwen3-max,1.651,ok,
2026-04-29 16:17,qwen3-235b,1.405,ok,
2026-04-29 16:17,qwen3-coder,1.382,ok,
2026-04-29 16:17,qwen3-30b-a3b-instruct-2507,1.342,ok,
2026-04-29 16:17,glm-4.6,14.38,ok,
2026-04-29 16:17,glm-4.7,2.202,ok,
2026-04-29 16:17,glm-5,5.446,ok,
2026-04-29 16:17,glm-5.1,5.043,ok,
2026-04-29 16:17,minimax-m2.5,4.122,ok,
2026-04-29 16:17,minimax-m2.5-highspeed,2.409,ok,
2026-04-29 16:17,minimax-m2.7,2.266,ok,
2026-04-29 16:17,hunyuan-vision-1.5-instruct,2.049,ok,
2026-04-29 16:17,hunyuan-t1-vision-20250916,1.915,ok,
2026-04-29 16:17,doubao-seed-2-0-lite,4.044,ok,
2026-04-29 18:00,GPT-4.1,2.802,ok,
2026-04-29 18:00,GPT-4o,2.392,ok,
2026-04-29 18:00,gpt-4o-2024-11-20,3.325,ok,
2026-04-29 18:00,gpt-4o-2024-08-06,2.032,ok,
2026-04-29 18:00,gpt-4o-mini-2024-07-18,2.365,ok,
2026-04-29 18:00,gpt-5,18.85,ok,
2026-04-29 18:00,gpt-5-codex,15.053,ok,
2026-04-29 18:00,gpt-5.1,16.548,ok,
2026-04-29 18:00,gpt-5.1-codex,29.178,ok,
2026-04-29 18:00,gpt-5.2,19.932,ok,
2026-04-29 18:00,gpt-5.2-codex,3.127,ok,
2026-04-29 18:00,gpt-5.3-codex,2.672,ok,
2026-04-29 18:00,gpt-5.4,14.809,ok,
2026-04-29 18:00,gpt-oss-120b,1.679,ok,
2026-04-29 18:00,mog-5,-1,fail,Request timeout (>60s) - model too slow or service unavailable
2026-04-29 18:00,claude-3.7-sonnet-20250219,2.496,ok,
2026-04-29 18:00,claude-sonnet-4-20250514,3.222,ok,
2026-04-29 18:00,claude-sonnet-4-5-20250929,3.224,ok,
2026-04-29 18:00,claude-sonnet-4-6,2.982,ok,
2026-04-29 18:00,claude-haiku-4-5-20251001,2.981,ok,
2026-04-29 18:00,claude-opus-4-20250514,3.082,ok,
2026-04-29 18:00,claude-opus-4-1-20250805,3.11,ok,
2026-04-29 18:00,claude-opus-4-5-20251101,2.993,ok,
2026-04-29 18:00,claude-opus-4-6,3.399,ok,
2026-04-29 18:00,claude-opus-4-7-stable,4.948,ok,
2026-04-29 18:00,claude-sonnet-4-5-20250929-stable,4.568,ok,
2026-04-29 18:00,claude-sonnet-4-6-stable,3.421,ok,
2026-04-29 18:00,claude-haiku-4-5-20251001-stable,3.797,ok,
2026-04-29 18:00,claude-opus-4-6-stable,3.986,ok,
2026-04-29 18:00,claude-opus-4-5-20251101-stable,13.265,ok,
2026-04-29 18:00,gemini-2.5-flash-lite,1.252,ok,
2026-04-29 18:00,gemini-2.5-flash,3.702,ok,
2026-04-29 18:00,gemini-2.5-pro,0.95,ok,
2026-04-29 18:00,gemini-3-flash-preview,8.937,ok,
2026-04-29 18:00,gemini-3.1-flash-lite-preview,2.509,ok,
2026-04-29 18:00,gemini-3.1-pro-preview,1.253,ok,
2026-04-29 18:00,kimi-k2,1.85,ok,
2026-04-29 18:00,kimi-k2-5-260127,1.56,ok,
2026-04-29 18:00,kimi-k2-thinking,2.066,ok,
2026-04-29 18:00,mimo-v2-flash,3.544,ok,
2026-04-29 18:00,mimo-v2-pro,2.667,ok,
2026-04-29 18:00,deepseek-v3,1.627,ok,
2026-04-29 18:00,deepseek-v3-2-251201,2.543,ok,
2026-04-29 18:00,deepseek-reasoner,6.205,ok,
2026-04-29 18:00,deepseek-v3.1,1.758,ok,
2026-04-29 18:00,deepseek-v3.2-speciale,4.378,ok,
2026-04-29 18:00,deepseek-v4-flash,1.611,ok,
2026-04-29 18:00,deepseek-v4-pro,1.421,ok,
2026-04-29 18:00,qwen-flash,1.196,ok,
2026-04-29 18:00,qwen-turbo,1.606,ok,
2026-04-29 18:00,qwen-long,1.686,ok,
2026-04-29 18:00,qwen-plus,1.308,ok,
2026-04-29 18:00,qwen3.5-flash,2.408,ok,
2026-04-29 18:00,qwen3.5-plus,4.497,ok,
2026-04-29 18:00,qwen3.5-35b-a3b,2.717,ok,
2026-04-29 18:00,qwen3.5-397b-a17b,1.163,ok,
2026-04-29 18:00,qwen3-next,1.731,ok,
2026-04-29 18:00,qwen3-32b,1.767,ok,
2026-04-29 18:00,qwen3-max,1.722,ok,
2026-04-29 18:00,qwen3-235b,1.488,ok,
2026-04-29 18:00,qwen3-coder,1.286,ok,
2026-04-29 18:00,qwen3-30b-a3b-instruct-2507,1.334,ok,
2026-04-29 18:00,glm-4.6,2.626,ok,
2026-04-29 18:00,glm-4.7,1.961,ok,
2026-04-29 18:00,glm-5,11.766,ok,
2026-04-29 18:00,glm-5.1,3.201,ok,
2026-04-29 18:00,minimax-m2.5,2.437,ok,
2026-04-29 18:00,minimax-m2.5-highspeed,2.296,ok,
2026-04-29 18:00,minimax-m2.7,3.539,ok,
2026-04-29 18:00,hunyuan-vision-1.5-instruct,2.226,ok,
2026-04-29 18:00,hunyuan-t1-vision-20250916,2.984,ok,
2026-04-29 18:00,doubao-seed-2-0-lite,4.055,ok,
2026-04-29 18:24,GPT-4.1,2.606,ok,
2026-04-29 18:24,GPT-4o,1.942,ok,
2026-04-29 18:24,gpt-4o-2024-11-20,2.992,ok,
2026-04-29 18:24,gpt-4o-2024-08-06,2.046,ok,
2026-04-29 18:24,gpt-4o-mini-2024-07-18,2.587,ok,
2026-04-29 18:24,gpt-5,18.006,ok,
2026-04-29 18:24,gpt-5-codex,3.435,ok,
2026-04-29 18:24,gpt-5.1,16.923,ok,
2026-04-29 18:24,gpt-5.1-codex,2.174,ok,
2026-04-29 18:24,gpt-5.2,1.949,ok,
2026-04-29 18:24,gpt-5.2-codex,2.969,ok,
2026-04-29 18:24,gpt-5.3-codex,2.17,ok,
2026-04-29 18:24,gpt-5.4,22.38,ok,
2026-04-29 18:24,gpt-oss-120b,1.309,ok,
2026-04-29 18:24,mog-5,34.271,ok,
2026-04-29 18:24,claude-3.7-sonnet-20250219,3.106,ok,
2026-04-29 18:24,claude-sonnet-4-20250514,3.141,ok,
2026-04-29 18:24,claude-sonnet-4-5-20250929,2.741,ok,
2026-04-29 18:24,claude-sonnet-4-6,5.385,ok,
2026-04-29 18:24,claude-haiku-4-5-20251001,-1,fail,"HTTP 503 - 服务暂时不可用，上游服务过载或维护中; body={""error"":{""message"":""No available channel for model claude-haiku-4-5-20251001 under group az-claude (distributor) (request id: 202604291022403883442808268d9d6FvJrmY"
2026-04-29 18:24,claude-opus-4-20250514,2.464,ok,
2026-04-29 18:24,claude-opus-4-1-20250805,2.333,ok,
2026-04-29 18:24,claude-opus-4-5-20251101,2.517,ok,
2026-04-29 18:24,claude-opus-4-6,2.946,ok,
2026-04-29 18:24,claude-opus-4-7-stable,3.996,ok,
2026-04-29 18:24,claude-sonnet-4-5-20250929-stable,3.57,ok,
2026-04-29 18:24,claude-sonnet-4-6-stable,3.376,ok,
2026-04-29 18:24,claude-haiku-4-5-20251001-stable,3.703,ok,
2026-04-29 18:24,claude-opus-4-6-stable,3.827,ok,
2026-04-29 18:24,claude-opus-4-5-20251101-stable,4.794,ok,
2026-04-29 18:24,gemini-2.5-flash-lite,0.8,ok,
2026-04-29 18:24,gemini-2.5-flash,0.743,ok,
2026-04-29 18:24,gemini-2.5-pro,0.777,ok,
2026-04-29 18:24,gemini-3-flash-preview,0.776,ok,
2026-04-29 18:24,gemini-3.1-flash-lite-preview,2.668,ok,
2026-04-29 18:24,gemini-3.1-pro-preview,12.374,ok,
2026-04-29 18:24,kimi-k2,1.201,ok,
2026-04-29 18:24,kimi-k2-5-260127,1.646,ok,
2026-04-29 18:24,kimi-k2-thinking,1.423,ok,
2026-04-29 18:24,mimo-v2-flash,4.839,ok,
2026-04-29 18:24,mimo-v2-pro,2.542,ok,
2026-04-29 18:24,deepseek-v3,1.513,ok,
2026-04-29 18:24,deepseek-v3-2-251201,2.576,ok,
2026-04-29 18:24,deepseek-reasoner,1.763,ok,
2026-04-29 18:24,deepseek-v3.1,1.849,ok,
2026-04-29 18:24,deepseek-v3.2-speciale,4.233,ok,
2026-04-29 18:24,deepseek-v4-flash,1.37,ok,
2026-04-29 18:24,deepseek-v4-pro,3.231,ok,
2026-04-29 18:24,qwen-flash,1.643,ok,
2026-04-29 18:24,qwen-turbo,1.141,ok,
2026-04-29 18:24,qwen-long,1.248,ok,
2026-04-29 18:24,qwen-plus,1.103,ok,
2026-04-29 18:24,qwen3.5-flash,2.027,ok,
2026-04-29 18:24,qwen3.5-plus,7.217,ok,
2026-04-29 18:24,qwen3.5-35b-a3b,3.454,ok,
2026-04-29 18:24,qwen3.5-397b-a17b,1.098,ok,
2026-04-29 18:24,qwen3-next,1.199,ok,
2026-04-29 18:24,qwen3-32b,1.134,ok,
2026-04-29 18:24,qwen3-max,1.477,ok,
2026-04-29 18:24,qwen3-235b,1.657,ok,
2026-04-29 18:24,qwen3-coder,1.225,ok,
2026-04-29 18:24,qwen3-30b-a3b-instruct-2507,1.167,ok,
2026-04-29 18:24,glm-4.6,1.974,ok,
2026-04-29 18:24,glm-4.7,3.855,ok,
2026-04-29 18:24,glm-5,4.639,ok,
2026-04-29 18:24,glm-5.1,3.823,ok,
2026-04-29 18:24,minimax-m2.5,2.986,ok,
2026-04-29 18:24,minimax-m2.5-highspeed,2.21,ok,
2026-04-29 18:24,minimax-m2.7,1.965,ok,
2026-04-29 18:24,hunyuan-vision-1.5-instruct,2.506,ok,
2026-04-29 18:24,hunyuan-t1-vision-20250916,1.825,ok,
2026-04-29 18:24,doubao-seed-2-0-lite,5.153,ok,
2026-04-29 18:47,GPT-4.1,-1,fail,"HTTP 503 - 服务暂时不可用，上游服务过载或维护中; body={""error"":{""message"":""openai_error"",""type"":""bad_response_status_code"",""param"":"""",""code"":""bad_response_status_code""}}"
2026-04-29 18:47,GPT-4o,2.255,ok,
2026-04-29 18:47,gpt-4o-2024-11-20,2.857,ok,
2026-04-29 18:47,gpt-4o-2024-08-06,2.071,ok,
2026-04-29 18:47,gpt-4o-mini-2024-07-18,2.36,ok,
2026-04-29 18:47,gpt-5,2.886,ok,
2026-04-29 18:47,gpt-5-codex,3.792,ok,
2026-04-29 18:47,gpt-5.1,2.624,ok,
2026-04-29 18:47,gpt-5.1-codex,2.726,ok,
2026-04-29 18:47,gpt-5.2,8.32,ok,
2026-04-29 18:47,gpt-5.2-codex,3.13,ok,
2026-04-29 18:47,gpt-5.3-codex,3.198,ok,
2026-04-29 18:47,gpt-5.4,4.688,ok,
2026-04-29 18:47,gpt-oss-120b,1.958,ok,
2026-04-29 18:47,mog-5,36.683,ok,
2026-04-29 18:47,claude-3.7-sonnet-20250219,3.942,ok,
2026-04-29 18:47,claude-sonnet-4-20250514,2.718,ok,
2026-04-29 18:47,claude-sonnet-4-5-20250929,2.612,ok,
2026-04-29 18:47,claude-sonnet-4-6,3.756,ok,
2026-04-29 18:47,claude-haiku-4-5-20251001,2.904,ok,
2026-04-29 18:47,claude-opus-4-20250514,2.776,ok,
2026-04-29 18:47,claude-opus-4-1-20250805,4.082,ok,
2026-04-29 18:47,claude-opus-4-5-20251101,3.262,ok,
2026-04-29 18:47,claude-opus-4-6,5.935,ok,
2026-04-29 18:47,claude-opus-4-7-stable,4.16,ok,
2026-04-29 18:47,claude-sonnet-4-5-20250929-stable,2.888,ok,
2026-04-29 18:47,claude-sonnet-4-6-stable,3.131,ok,
2026-04-29 18:47,claude-haiku-4-5-20251001-stable,3.847,ok,
2026-04-29 18:47,claude-opus-4-6-stable,3.749,ok,
2026-04-29 18:47,claude-opus-4-5-20251101-stable,3.579,ok,
2026-04-29 18:47,gemini-2.5-flash-lite,1.36,ok,
2026-04-29 18:47,gemini-2.5-flash,2.327,ok,
2026-04-29 18:47,gemini-2.5-pro,0.984,ok,
2026-04-29 18:47,gemini-3-flash-preview,10.21,ok,
2026-04-29 18:47,gemini-3.1-flash-lite-preview,7.908,ok,
2026-04-29 18:47,gemini-3.1-pro-preview,16.171,ok,
2026-04-29 18:47,kimi-k2,2.596,ok,
2026-04-29 18:47,kimi-k2-5-260127,1.553,ok,
2026-04-29 18:47,kimi-k2-thinking,2.35,ok,
2026-04-29 18:47,mimo-v2-flash,1.86,ok,
2026-04-29 18:47,mimo-v2-pro,4.678,ok,
2026-04-29 18:47,deepseek-v3,1.751,ok,
2026-04-29 18:47,deepseek-v3-2-251201,2.956,ok,
2026-04-29 18:47,deepseek-reasoner,1.926,ok,
2026-04-29 18:47,deepseek-v3.1,2.084,ok,
2026-04-29 18:47,deepseek-v3.2-speciale,4.267,ok,
2026-04-29 18:47,deepseek-v4-flash,3.297,ok,
2026-04-29 18:47,deepseek-v4-pro,1.713,ok,
2026-04-29 18:47,qwen-flash,1.189,ok,
2026-04-29 18:47,qwen-turbo,1.298,ok,
2026-04-29 18:47,qwen-long,1.465,ok,
2026-04-29 18:47,qwen-plus,1.676,ok,
2026-04-29 18:47,qwen3.5-flash,2.613,ok,
2026-04-29 18:47,qwen3.5-plus,4.163,ok,
2026-04-29 18:47,qwen3.5-35b-a3b,2.926,ok,
2026-04-29 18:47,qwen3.5-397b-a17b,1.216,ok,
2026-04-29 18:47,qwen3-next,2.12,ok,
2026-04-29 18:47,qwen3-32b,4.659,ok,
2026-04-29 18:47,qwen3-max,1.996,ok,
2026-04-29 18:47,qwen3-235b,1.766,ok,
2026-04-29 18:47,qwen3-coder,1.691,ok,
2026-04-29 18:47,qwen3-30b-a3b-instruct-2507,1.977,ok,
2026-04-29 18:47,glm-4.6,2.406,ok,
2026-04-29 18:47,glm-4.7,2.248,ok,
2026-04-29 18:47,glm-5,4.647,ok,
2026-04-29 18:47,glm-5.1,4.587,ok,
2026-04-29 18:47,minimax-m2.5,2.622,ok,
2026-04-29 18:47,minimax-m2.5-highspeed,3.007,ok,
2026-04-29 18:47,minimax-m2.7,3.459,ok,
2026-04-29 18:47,hunyuan-vision-1.5-instruct,2.597,ok,
2026-04-29 18:47,hunyuan-t1-vision-20250916,2.741,ok,
2026-04-29 18:47,doubao-seed-2-0-lite,3.249,ok,
2026-04-29 19:10,GPT-4.1,2.915,ok,
2026-04-29 19:10,GPT-4o,2.103,ok,
2026-04-29 19:10,gpt-4o-2024-11-20,2.408,ok,
2026-04-29 19:10,gpt-4o-2024-08-06,3.06,ok,
2026-04-29 19:10,gpt-4o-mini-2024-07-18,1.739,ok,
2026-04-29 19:10,gpt-5,4.477,ok,
2026-04-29 19:10,gpt-5-codex,3.118,ok,
2026-04-29 19:10,gpt-5.1,2.653,ok,
2026-04-29 19:10,gpt-5.1-codex,2.543,ok,
2026-04-29 19:10,gpt-5.2,2.185,ok,
2026-04-29 19:10,gpt-5.2-codex,2.873,ok,
2026-04-29 19:10,gpt-5.3-codex,2.75,ok,
2026-04-29 19:10,gpt-5.4,2.13,ok,
2026-04-29 19:10,gpt-oss-120b,1.751,ok,
2026-04-29 19:10,mog-5,25.598,ok,
2026-04-29 19:10,claude-3.7-sonnet-20250219,3.515,ok,
2026-04-29 19:10,claude-sonnet-4-20250514,3.985,ok,
2026-04-29 19:10,claude-sonnet-4-5-20250929,2.482,ok,
2026-04-29 19:10,claude-sonnet-4-6,3.691,ok,
2026-04-29 19:10,claude-haiku-4-5-20251001,3.254,ok,
2026-04-29 19:10,claude-opus-4-20250514,3.289,ok,
2026-04-29 19:10,claude-opus-4-1-20250805,2.579,ok,
2026-04-29 19:10,claude-opus-4-5-20251101,2.596,ok,
2026-04-29 19:10,claude-opus-4-6,3.437,ok,
2026-04-29 19:10,claude-opus-4-7-stable,4.609,ok,
2026-04-29 19:10,claude-sonnet-4-5-20250929-stable,2.499,ok,
2026-04-29 19:10,claude-sonnet-4-6-stable,2.883,ok,
2026-04-29 19:10,claude-haiku-4-5-20251001-stable,2.511,ok,
2026-04-29 19:10,claude-opus-4-6-stable,4.278,ok,
2026-04-29 19:10,claude-opus-4-5-20251101-stable,3.802,ok,
2026-04-29 19:10,gemini-2.5-flash-lite,1.044,ok,
2026-04-29 19:10,gemini-2.5-flash,2.762,ok,
2026-04-29 19:10,gemini-2.5-pro,4.058,ok,
2026-04-29 19:10,gemini-3-flash-preview,9.146,ok,
2026-04-29 19:10,gemini-3.1-flash-lite-preview,2.901,ok,
2026-04-29 19:10,gemini-3.1-pro-preview,1.044,ok,
2026-04-29 19:10,kimi-k2,1.581,ok,
2026-04-29 19:10,kimi-k2-5-260127,1.721,ok,
2026-04-29 19:10,kimi-k2-thinking,1.929,ok,
2026-04-29 19:10,mimo-v2-flash,2.645,ok,
2026-04-29 19:10,mimo-v2-pro,3.353,ok,
2026-04-29 19:10,deepseek-v3,1.567,ok,
2026-04-29 19:10,deepseek-v3-2-251201,2.565,ok,
2026-04-29 19:10,deepseek-reasoner,1.97,ok,
2026-04-29 19:10,deepseek-v3.1,1.977,ok,
2026-04-29 19:10,deepseek-v3.2-speciale,4.241,ok,
2026-04-29 19:10,deepseek-v4-flash,2.003,ok,
2026-04-29 19:10,deepseek-v4-pro,7.076,ok,
2026-04-29 19:10,qwen-flash,3.786,ok,
2026-04-29 19:10,qwen-turbo,1.311,ok,
2026-04-29 19:10,qwen-long,1.392,ok,
2026-04-29 19:10,qwen-plus,1.945,ok,
2026-04-29 19:10,qwen3.5-flash,-1,fail,"HTTP 503 - 服务暂时不可用，上游服务过载或维护中; body={""error"":{""message"":""openai_error"",""type"":""bad_response_status_code"",""param"":"""",""code"":""bad_response_status_code""}}"
2026-04-29 19:10,qwen3.5-plus,-1,fail,"HTTP 503 - 服务暂时不可用，上游服务过载或维护中; body={""error"":{""message"":""openai_error"",""type"":""bad_response_status_code"",""param"":"""",""code"":""bad_response_status_code""}}"
2026-04-29 19:10,qwen3.5-35b-a3b,2.82,ok,
2026-04-29 19:10,qwen3.5-397b-a17b,1.178,ok,
2026-04-29 19:10,qwen3-next,1.642,ok,
2026-04-29 19:10,qwen3-32b,1.368,ok,
2026-04-29 19:10,qwen3-max,1.57,ok,
2026-04-29 19:10,qwen3-235b,2.065,ok,
2026-04-29 19:10,qwen3-coder,1.546,ok,
2026-04-29 19:10,qwen3-30b-a3b-instruct-2507,1.223,ok,
2026-04-29 19:10,glm-4.6,1.924,ok,
2026-04-29 19:10,glm-4.7,7.855,ok,
2026-04-29 19:10,glm-5,4.57,ok,
2026-04-29 19:10,glm-5.1,5.816,ok,
2026-04-29 19:10,minimax-m2.5,2.213,ok,
2026-04-29 19:10,minimax-m2.5-highspeed,2.619,ok,
2026-04-29 19:10,minimax-m2.7,2.805,ok,
2026-04-29 19:10,hunyuan-vision-1.5-instruct,4.514,ok,
2026-04-29 19:10,hunyuan-t1-vision-20250916,2.757,ok,
2026-04-29 19:10,doubao-seed-2-0-lite,2.53,ok,
2026-04-29 20:10,GPT-4.1,2.478,ok,
2026-04-29 20:10,GPT-4o,3.023,ok,
2026-04-29 20:10,gpt-4o-2024-11-20,2.296,ok,
2026-04-29 20:10,gpt-4o-2024-08-06,3.222,ok,
2026-04-29 20:10,gpt-4o-mini-2024-07-18,3.091,ok,
2026-04-29 20:10,gpt-5,3.499,ok,
2026-04-29 20:10,gpt-5-codex,2.99,ok,
2026-04-29 20:10,gpt-5.1,2.336,ok,
2026-04-29 20:10,gpt-5.1-codex,4.022,ok,
2026-04-29 20:10,gpt-5.2,2.811,ok,
2026-04-29 20:10,gpt-5.2-codex,3.558,ok,
2026-04-29 20:10,gpt-5.3-codex,3.746,ok,
2026-04-29 20:10,gpt-5.4,2.093,ok,
2026-04-29 20:10,gpt-oss-120b,1.511,ok,
2026-04-29 20:10,mog-5,8.339,ok,
2026-04-29 20:10,claude-3.7-sonnet-20250219,2.719,ok,
2026-04-29 20:10,claude-sonnet-4-20250514,3.327,ok,
2026-04-29 20:10,claude-sonnet-4-5-20250929,3.085,ok,
2026-04-29 20:10,claude-sonnet-4-6,3.095,ok,
2026-04-29 20:10,claude-haiku-4-5-20251001,4.57,ok,
2026-04-29 20:10,claude-opus-4-20250514,3.326,ok,
2026-04-29 20:10,claude-opus-4-1-20250805,3.055,ok,
2026-04-29 20:10,claude-opus-4-5-20251101,2.806,ok,
2026-04-29 20:10,claude-opus-4-6,3.728,ok,
2026-04-29 20:10,claude-opus-4-7-stable,4.646,ok,
2026-04-29 20:10,claude-sonnet-4-5-20250929-stable,3.938,ok,
2026-04-29 20:10,claude-sonnet-4-6-stable,2.642,ok,
2026-04-29 20:10,claude-haiku-4-5-20251001-stable,2.938,ok,
2026-04-29 20:10,claude-opus-4-6-stable,4.2,ok,
2026-04-29 20:10,claude-opus-4-5-20251101-stable,3.553,ok,
2026-04-29 20:10,gemini-2.5-flash-lite,2.807,ok,
2026-04-29 20:10,gemini-2.5-flash,3.462,ok,
2026-04-29 20:10,gemini-2.5-pro,1.043,ok,
2026-04-29 20:10,gemini-3-flash-preview,0.987,ok,
2026-04-29 20:10,gemini-3.1-flash-lite-preview,1.048,ok,
2026-04-29 20:10,gemini-3.1-pro-preview,0.926,ok,
2026-04-29 20:10,kimi-k2,1.505,ok,
2026-04-29 20:10,kimi-k2-5-260127,1.756,ok,
2026-04-29 20:10,kimi-k2-thinking,1.471,ok,
2026-04-29 20:10,mimo-v2-flash,2.564,ok,
2026-04-29 20:10,mimo-v2-pro,6.254,ok,
2026-04-29 20:10,deepseek-v3,1.56,ok,
2026-04-29 20:10,deepseek-v3-2-251201,2.174,ok,
2026-04-29 20:10,deepseek-reasoner,7.973,ok,
2026-04-29 20:10,deepseek-v3.1,3.528,ok,
2026-04-29 20:10,deepseek-v3.2-speciale,6.54,ok,
2026-04-29 20:10,deepseek-v4-flash,2.986,ok,
2026-04-29 20:10,deepseek-v4-pro,1.803,ok,
2026-04-29 20:10,qwen-flash,1.12,ok,
2026-04-29 20:10,qwen-turbo,1.197,ok,
2026-04-29 20:10,qwen-long,1.459,ok,
2026-04-29 20:10,qwen-plus,1.306,ok,
2026-04-29 20:10,qwen3.5-flash,2.595,ok,
2026-04-29 20:10,qwen3.5-plus,4.661,ok,
2026-04-29 20:10,qwen3.5-35b-a3b,2.299,ok,
2026-04-29 20:10,qwen3.5-397b-a17b,1.178,ok,
2026-04-29 20:10,qwen3-next,1.832,ok,
2026-04-29 20:10,qwen3-32b,3.194,ok,
2026-04-29 20:10,qwen3-max,1.462,ok,
2026-04-29 20:10,qwen3-235b,1.387,ok,
2026-04-29 20:10,qwen3-coder,1.501,ok,
2026-04-29 20:10,qwen3-30b-a3b-instruct-2507,1.41,ok,
2026-04-29 20:10,glm-4.6,23.06,ok,
2026-04-29 20:10,glm-4.7,1.863,ok,
2026-04-29 20:10,glm-5,5.583,ok,
2026-04-29 20:10,glm-5.1,7.549,ok,
2026-04-29 20:10,minimax-m2.5,2.57,ok,
2026-04-29 20:10,minimax-m2.5-highspeed,2.492,ok,
2026-04-29 20:10,minimax-m2.7,3.956,ok,
2026-04-29 20:10,hunyuan-vision-1.5-instruct,2.381,ok,
2026-04-29 20:10,hunyuan-t1-vision-20250916,-1,fail,"HTTP 503 - 服务暂时不可用，上游服务过载或维护中; body={""error"":{""message"":""openai_error"",""type"":""bad_response_status_code"",""param"":"""",""code"":""bad_response_status_code""}}"
2026-04-29 20:10,doubao-seed-2-0-lite,4.035,ok,
2026-04-29 22:42,GPT-4.1,2.638,ok,
2026-04-29 22:42,GPT-4o,2.815,ok,
2026-04-29 22:42,gpt-4o-2024-11-20,2.113,ok,
2026-04-29 22:42,gpt-4o-2024-08-06,2.945,ok,
2026-04-29 22:42,gpt-4o-mini-2024-07-18,2.049,ok,
2026-04-29 22:42,gpt-5,-1,fail,"HTTP 503 - 服务暂时不可用，上游服务过载或维护中; body={""error"":{""message"":""openai_error"",""type"":""bad_response_status_code"",""param"":"""",""code"":""bad_response_status_code""}}"
2026-04-29 22:42,gpt-5-codex,3.26,ok,
2026-04-29 22:42,gpt-5.1,2.168,ok,
2026-04-29 22:42,gpt-5.1-codex,3.636,ok,
2026-04-29 22:42,gpt-5.2,2.38,ok,
2026-04-29 22:42,gpt-5.2-codex,2.633,ok,
2026-04-29 22:42,gpt-5.3-codex,3.948,ok,
2026-04-29 22:42,gpt-5.4,-1,fail,"HTTP 503 - 服务暂时不可用，上游服务过载或维护中; body={""error"":{""message"":""openai_error"",""type"":""bad_response_status_code"",""param"":"""",""code"":""bad_response_status_code""}}"
2026-04-29 22:42,gpt-oss-120b,-1,fail,"HTTP 503 - 服务暂时不可用，上游服务过载或维护中; body={""error"":{""message"":""openai_error"",""type"":""bad_response_status_code"",""param"":"""",""code"":""bad_response_status_code""}}"
2026-04-29 22:42,mog-5,18.906,ok,
2026-04-29 22:42,claude-3.7-sonnet-20250219,-1,fail,Request timeout (>60s) - model too slow or service unavailable
2026-04-29 22:42,claude-sonnet-4-20250514,-1,fail,"HTTP 400 - 请求格式错误，模型可能不支持该参数; body={""error"":{""message"":""{\""error\"":{\""type\"":\""\\u003cnil\\u003e\"",\""message\"":\""555420: Your resource has been blocked because we detected unusual behavior. (request i"
2026-04-29 22:42,claude-sonnet-4-5-20250929,-1,fail,Request timeout (>60s) - model too slow or service unavailable
2026-04-29 22:42,claude-sonnet-4-6,-1,fail,Request timeout (>60s) - model too slow or service unavailable
2026-04-29 22:42,claude-haiku-4-5-20251001,-1,fail,"HTTP 503 - 服务暂时不可用，上游服务过载或维护中; body={""error"":{""message"":""No available channel for model claude-haiku-4-5-20251001 under group az-claude (distributor) (request id: 202604291438096085968418268d9d6HCPifY"
2026-04-29 22:42,claude-opus-4-20250514,-1,fail,"HTTP 400 - 请求格式错误，模型可能不支持该参数; body={""error"":{""message"":""{\""error\"":{\""type\"":\""\\u003cnil\\u003e\"",\""message\"":\""555420: Your resource has been blocked because we detected unusual behavior. (request i"
2026-04-29 22:42,claude-opus-4-1-20250805,-1,fail,"HTTP 400 - 请求格式错误，模型可能不支持该参数; body={""error"":{""message"":""{\""error\"":{\""type\"":\""\\u003cnil\\u003e\"",\""message\"":\""555420: Your resource has been blocked because we detected unusual behavior. (request i"
2026-04-29 22:42,claude-opus-4-5-20251101,-1,fail,"HTTP 400 - 请求格式错误，模型可能不支持该参数; body={""error"":{""message"":""{\""error\"":{\""type\"":\""\\u003cnil\\u003e\"",\""message\"":\""555420: Your resource has been blocked because we detected unusual behavior. (request i"
2026-04-29 22:42,claude-opus-4-6,-1,fail,Request timeout (>60s) - model too slow or service unavailable
2026-04-29 22:42,claude-opus-4-7-stable,3.34,ok,
2026-04-29 22:42,claude-sonnet-4-5-20250929-stable,4.331,ok,
2026-04-29 22:42,claude-sonnet-4-6-stable,7.629,ok,
2026-04-29 22:42,claude-haiku-4-5-20251001-stable,3.272,ok,
2026-04-29 22:42,claude-opus-4-6-stable,4.58,ok,
2026-04-29 22:42,claude-opus-4-5-20251101-stable,-1,fail,"HTTP 503 - 服务暂时不可用，上游服务过载或维护中; body={""error"":{""message"":""No available channel for model claude-opus-4-5-20251101 under group az-claude (distributor) (request id: 202604291439571310056948268d9d6LUyYtSE"
2026-04-29 22:42,gemini-2.5-flash-lite,2.07,ok,
2026-04-29 22:42,gemini-2.5-flash,0.898,ok,
2026-04-29 22:42,gemini-2.5-pro,3.594,ok,
2026-04-29 22:42,gemini-3-flash-preview,0.898,ok,
2026-04-29 22:42,gemini-3.1-flash-lite-preview,0.924,ok,
2026-04-29 22:42,gemini-3.1-pro-preview,4.165,ok,
2026-04-29 22:42,kimi-k2,1.477,ok,
2026-04-29 22:42,kimi-k2-5-260127,1.302,ok,
2026-04-29 22:42,kimi-k2-thinking,1.932,ok,
2026-04-29 22:42,mimo-v2-flash,1.876,ok,
2026-04-29 22:42,mimo-v2-pro,3.348,ok,
2026-04-29 22:42,deepseek-v3,1.337,ok,
2026-04-29 22:42,deepseek-v3-2-251201,2.02,ok,
2026-04-29 22:42,deepseek-reasoner,2.224,ok,
2026-04-29 22:42,deepseek-v3.1,2.104,ok,
2026-04-29 22:42,deepseek-v3.2-speciale,4.849,ok,
2026-04-29 22:42,deepseek-v4-flash,1.427,ok,
2026-04-29 22:42,deepseek-v4-pro,-1,fail,Request timeout (>60s) - model too slow or service unavailable
2026-04-29 22:42,qwen-flash,1.013,ok,
2026-04-29 22:42,qwen-turbo,1.104,ok,
2026-04-29 22:42,qwen-long,1.381,ok,
2026-04-29 22:42,qwen-plus,1.162,ok,
2026-04-29 22:42,qwen3.5-flash,2.195,ok,
2026-04-29 22:42,qwen3.5-plus,4.354,ok,
2026-04-29 22:42,qwen3.5-35b-a3b,2.302,ok,
2026-04-29 22:42,qwen3.5-397b-a17b,1.263,ok,
2026-04-29 22:42,qwen3-next,1.309,ok,
2026-04-29 22:42,qwen3-32b,2.872,ok,
2026-04-29 22:42,qwen3-max,1.538,ok,
2026-04-29 22:42,qwen3-235b,1.22,ok,
2026-04-29 22:42,qwen3-coder,1.481,ok,
2026-04-29 22:42,qwen3-30b-a3b-instruct-2507,1.292,ok,
2026-04-29 22:42,glm-4.6,10.361,ok,
2026-04-29 22:42,glm-4.7,2.115,ok,
2026-04-29 22:42,glm-5,6.096,ok,
2026-04-29 22:42,glm-5.1,4.129,ok,
2026-04-29 22:42,minimax-m2.5,2.285,ok,
2026-04-29 22:42,minimax-m2.5-highspeed,2.857,ok,
2026-04-29 22:42,minimax-m2.7,2.551,ok,
2026-04-29 22:42,hunyuan-vision-1.5-instruct,2.266,ok,
2026-04-29 22:42,hunyuan-t1-vision-20250916,1.854,ok,
2026-04-29 22:42,doubao-seed-2-0-lite,2.412,ok,
2026-04-30 00:22,GPT-4.1,2.606,ok,
2026-04-30 00:22,GPT-4o,2.084,ok,
2026-04-30 00:22,gpt-4o-2024-11-20,2.272,ok,
2026-04-30 00:22,gpt-4o-2024-08-06,1.839,ok,
2026-04-30 00:22,gpt-4o-mini-2024-07-18,4.384,ok,
2026-04-30 00:22,gpt-5,3.561,ok,
2026-04-30 00:22,gpt-5-codex,3.449,ok,
2026-04-30 00:22,gpt-5.1,1.899,ok,
2026-04-30 00:22,gpt-5.1-codex,1.978,ok,
2026-04-30 00:22,gpt-5.2,1.83,ok,
2026-04-30 00:22,gpt-5.2-codex,2.408,ok,
2026-04-30 00:22,gpt-5.3-codex,2.718,ok,
2026-04-30 00:22,gpt-5.4,2.64,ok,
2026-04-30 00:22,gpt-oss-120b,1.429,ok,
2026-04-30 00:22,mog-5,9.996,ok,
2026-04-30 00:22,claude-3.7-sonnet-20250219,5.536,ok,
2026-04-30 00:22,claude-sonnet-4-20250514,3.17,ok,
2026-04-30 00:22,claude-sonnet-4-5-20250929,3.342,ok,
2026-04-30 00:22,claude-sonnet-4-6,2.616,ok,
2026-04-30 00:22,claude-haiku-4-5-20251001,2.182,ok,
2026-04-30 00:22,claude-opus-4-20250514,2.545,ok,
2026-04-30 00:22,claude-opus-4-1-20250805,2.463,ok,
2026-04-30 00:22,claude-opus-4-5-20251101,2.431,ok,
2026-04-30 00:22,claude-opus-4-6,3.593,ok,
2026-04-30 00:22,claude-opus-4-7-stable,5.541,ok,
2026-04-30 00:22,claude-sonnet-4-5-20250929-stable,16.227,ok,
2026-04-30 00:22,claude-sonnet-4-6-stable,3.37,ok,
2026-04-30 00:22,claude-haiku-4-5-20251001-stable,3.907,ok,
2026-04-30 00:22,claude-opus-4-6-stable,24.637,ok,
2026-04-30 00:22,claude-opus-4-5-20251101-stable,10.698,ok,
2026-04-30 00:22,gemini-2.5-flash-lite,1.246,ok,
2026-04-30 00:22,gemini-2.5-flash,2.24,ok,
2026-04-30 00:22,gemini-2.5-pro,32.113,ok,
2026-04-30 00:22,gemini-3-flash-preview,0.817,ok,
2026-04-30 00:22,gemini-3.1-flash-lite-preview,12.728,ok,
2026-04-30 00:22,gemini-3.1-pro-preview,32.595,ok,
2026-04-30 00:22,kimi-k2,1.605,ok,
2026-04-30 00:22,kimi-k2-5-260127,2.301,ok,
2026-04-30 00:22,kimi-k2-thinking,3.525,ok,
2026-04-30 00:22,mimo-v2-flash,3.543,ok,
2026-04-30 00:22,mimo-v2-pro,4.859,ok,
2026-04-30 00:22,deepseek-v3,1.726,ok,
2026-04-30 00:22,deepseek-v3-2-251201,1.929,ok,
2026-04-30 00:22,deepseek-reasoner,1.92,ok,
2026-04-30 00:22,deepseek-v3.1,1.721,ok,
2026-04-30 00:22,deepseek-v3.2-speciale,4.564,ok,
2026-04-30 00:22,deepseek-v4-flash,1.703,ok,
2026-04-30 00:22,deepseek-v4-pro,1.418,ok,
2026-04-30 00:22,qwen-flash,1.139,ok,
2026-04-30 00:22,qwen-turbo,0.948,ok,
2026-04-30 00:22,qwen-long,1.549,ok,
2026-04-30 00:22,qwen-plus,1.192,ok,
2026-04-30 00:22,qwen3.5-flash,2.343,ok,
2026-04-30 00:22,qwen3.5-plus,5.786,ok,
2026-04-30 00:22,qwen3.5-35b-a3b,2.052,ok,
2026-04-30 00:22,qwen3.5-397b-a17b,1.026,ok,
2026-04-30 00:22,qwen3-next,1.166,ok,
2026-04-30 00:22,qwen3-32b,3.011,ok,
2026-04-30 00:22,qwen3-max,1.867,ok,
2026-04-30 00:22,qwen3-235b,1.314,ok,
2026-04-30 00:22,qwen3-coder,1.266,ok,
2026-04-30 00:22,qwen3-30b-a3b-instruct-2507,1.204,ok,
2026-04-30 00:22,glm-4.6,4.677,ok,
2026-04-30 00:22,glm-4.7,1.752,ok,
2026-04-30 00:22,glm-5,2.767,ok,
2026-04-30 00:22,glm-5.1,4.542,ok,
2026-04-30 00:22,minimax-m2.5,2.119,ok,
2026-04-30 00:22,minimax-m2.5-highspeed,2.085,ok,
2026-04-30 00:22,minimax-m2.7,2.35,ok,
2026-04-30 00:22,hunyuan-vision-1.5-instruct,2.02,ok,
2026-04-30 00:22,hunyuan-t1-vision-20250916,1.784,ok,
2026-04-30 00:22,doubao-seed-2-0-lite,2.243,ok,
2026-04-30 01:57,GPT-4.1,3.439,ok,
2026-04-30 01:57,GPT-4o,35.704,ok,
2026-04-30 01:57,gpt-4o-2024-11-20,3.713,ok,
2026-04-30 01:57,gpt-4o-2024-08-06,1.946,ok,
2026-04-30 01:57,gpt-4o-mini-2024-07-18,2.884,ok,
2026-04-30 01:57,gpt-5,3.025,ok,
2026-04-30 01:57,gpt-5-codex,2.709,ok,
2026-04-30 01:57,gpt-5.1,2.869,ok,
2026-04-30 01:57,gpt-5.1-codex,2.511,ok,
2026-04-30 01:57,gpt-5.2,1.816,ok,
2026-04-30 01:57,gpt-5.2-codex,2.935,ok,
2026-04-30 01:57,gpt-5.3-codex,7.425,ok,
2026-04-30 01:57,gpt-5.4,2.344,ok,
2026-04-30 01:57,gpt-oss-120b,1.286,ok,
2026-04-30 01:57,mog-5,34.875,ok,
2026-04-30 01:57,claude-3.7-sonnet-20250219,3.483,ok,
2026-04-30 01:57,claude-sonnet-4-20250514,3.514,ok,
2026-04-30 01:57,claude-sonnet-4-5-20250929,3.053,ok,
2026-04-30 01:57,claude-sonnet-4-6,3.204,ok,
2026-04-30 01:57,claude-haiku-4-5-20251001,2.59,ok,
2026-04-30 01:57,claude-opus-4-20250514,2.504,ok,
2026-04-30 01:57,claude-opus-4-1-20250805,2.603,ok,
2026-04-30 01:57,claude-opus-4-5-20251101,2.673,ok,
2026-04-30 01:57,claude-opus-4-6,3.098,ok,
2026-04-30 01:57,claude-opus-4-7-stable,3.15,ok,
2026-04-30 01:57,claude-sonnet-4-5-20250929-stable,14.773,ok,
2026-04-30 01:57,claude-sonnet-4-6-stable,3.409,ok,
2026-04-30 01:57,claude-haiku-4-5-20251001-stable,3.908,ok,
2026-04-30 01:57,claude-opus-4-6-stable,5.186,ok,
2026-04-30 01:57,claude-opus-4-5-20251101-stable,3.885,ok,
2026-04-30 01:57,gemini-2.5-flash-lite,1.999,ok,
2026-04-30 01:57,gemini-2.5-flash,0.96,ok,
2026-04-30 01:57,gemini-2.5-pro,4.941,ok,
2026-04-30 01:57,gemini-3-flash-preview,0.88,ok,
2026-04-30 01:57,gemini-3.1-flash-lite-preview,7.72,ok,
2026-04-30 01:57,gemini-3.1-pro-preview,0.785,ok,
2026-04-30 01:57,kimi-k2,1.512,ok,
2026-04-30 01:57,kimi-k2-5-260127,1.103,ok,
2026-04-30 01:57,kimi-k2-thinking,1.687,ok,
2026-04-30 01:57,mimo-v2-flash,1.748,ok,
2026-04-30 01:57,mimo-v2-pro,2.633,ok,
2026-04-30 01:57,deepseek-v3,1.301,ok,
2026-04-30 01:57,deepseek-v3-2-251201,2.482,ok,
2026-04-30 01:57,deepseek-reasoner,6.786,ok,
2026-04-30 01:57,deepseek-v3.1,1.993,ok,
2026-04-30 01:57,deepseek-v3.2-speciale,4.182,ok,
2026-04-30 01:57,deepseek-v4-flash,1.742,ok,
2026-04-30 01:57,deepseek-v4-pro,2.201,ok,
2026-04-30 01:57,qwen-flash,1.198,ok,
2026-04-30 01:57,qwen-turbo,1.195,ok,
2026-04-30 01:57,qwen-long,1.425,ok,
2026-04-30 01:57,qwen-plus,1.52,ok,
2026-04-30 01:57,qwen3.5-flash,2.355,ok,
2026-04-30 01:57,qwen3.5-plus,6.223,ok,
2026-04-30 01:57,qwen3.5-35b-a3b,3.364,ok,
2026-04-30 01:57,qwen3.5-397b-a17b,1.676,ok,
2026-04-30 01:57,qwen3-next,1.366,ok,
2026-04-30 01:57,qwen3-32b,3.32,ok,
2026-04-30 01:57,qwen3-max,1.837,ok,
2026-04-30 01:57,qwen3-235b,1.721,ok,
2026-04-30 01:57,qwen3-coder,1.708,ok,
2026-04-30 01:57,qwen3-30b-a3b-instruct-2507,1.346,ok,
2026-04-30 01:57,glm-4.6,2.193,ok,
2026-04-30 01:57,glm-4.7,1.667,ok,
2026-04-30 01:57,glm-5,3.974,ok,
2026-04-30 01:57,glm-5.1,4.842,ok,
2026-04-30 01:57,minimax-m2.5,2.429,ok,
2026-04-30 01:57,minimax-m2.5-highspeed,2.417,ok,
2026-04-30 01:57,minimax-m2.7,3.055,ok,
2026-04-30 01:57,hunyuan-vision-1.5-instruct,1.803,ok,
2026-04-30 01:57,hunyuan-t1-vision-20250916,1.846,ok,
2026-04-30 01:57,doubao-seed-2-0-lite,2.431,ok,
2026-04-30 03:29,GPT-4.1,2.994,ok,
2026-04-30 03:29,GPT-4o,2.16,ok,
2026-04-30 03:29,gpt-4o-2024-11-20,-1,fail,Request timeout (>60s) - model too slow or service unavailable
2026-04-30 03:29,gpt-4o-2024-08-06,2.3,ok,
2026-04-30 03:29,gpt-4o-mini-2024-07-18,1.961,ok,
2026-04-30 03:29,gpt-5,5.313,ok,
2026-04-30 03:29,gpt-5-codex,3.435,ok,
2026-04-30 03:29,gpt-5.1,2.167,ok,
2026-04-30 03:29,gpt-5.1-codex,2.492,ok,
2026-04-30 03:29,gpt-5.2,2.058,ok,
2026-04-30 03:29,gpt-5.2-codex,2.39,ok,
2026-04-30 03:29,gpt-5.3-codex,2.993,ok,
2026-04-30 03:29,gpt-5.4,2.293,ok,
2026-04-30 03:29,gpt-oss-120b,1.748,ok,
2026-04-30 03:29,mog-5,9.325,ok,
2026-04-30 03:29,claude-3.7-sonnet-20250219,2.477,ok,
2026-04-30 03:29,claude-sonnet-4-20250514,2.84,ok,
2026-04-30 03:29,claude-sonnet-4-5-20250929,3.18,ok,
2026-04-30 03:29,claude-sonnet-4-6,3.604,ok,
2026-04-30 03:29,claude-haiku-4-5-20251001,2.656,ok,
2026-04-30 03:29,claude-opus-4-20250514,2.775,ok,
2026-04-30 03:29,claude-opus-4-1-20250805,3.389,ok,
2026-04-30 03:29,claude-opus-4-5-20251101,2.765,ok,
2026-04-30 03:29,claude-opus-4-6,3.267,ok,
2026-04-30 03:29,claude-opus-4-7-stable,-1,fail,Request timeout (>60s) - model too slow or service unavailable
2026-04-30 03:29,claude-sonnet-4-5-20250929-stable,17.371,ok,
2026-04-30 03:29,claude-sonnet-4-6-stable,47.587,ok,
2026-04-30 03:29,claude-haiku-4-5-20251001-stable,3.0,ok,
2026-04-30 03:29,claude-opus-4-6-stable,5.166,ok,
2026-04-30 03:29,claude-opus-4-5-20251101-stable,23.614,ok,
2026-04-30 03:29,gemini-2.5-flash-lite,5.423,ok,
2026-04-30 03:29,gemini-2.5-flash,6.529,ok,
2026-04-30 03:29,gemini-2.5-pro,0.955,ok,
2026-04-30 03:29,gemini-3-flash-preview,0.852,ok,
2026-04-30 03:29,gemini-3.1-flash-lite-preview,4.139,ok,
2026-04-30 03:29,gemini-3.1-pro-preview,0.837,ok,
2026-04-30 03:29,kimi-k2,1.451,ok,
2026-04-30 03:29,kimi-k2-5-260127,1.439,ok,
2026-04-30 03:29,kimi-k2-thinking,1.679,ok,
2026-04-30 03:29,mimo-v2-flash,2.099,ok,
2026-04-30 03:29,mimo-v2-pro,2.507,ok,
2026-04-30 03:29,deepseek-v3,1.726,ok,
2026-04-30 03:29,deepseek-v3-2-251201,1.577,ok,
2026-04-30 03:29,deepseek-reasoner,4.18,ok,
2026-04-30 03:29,deepseek-v3.1,2.025,ok,
2026-04-30 03:29,deepseek-v3.2-speciale,4.565,ok,
2026-04-30 03:29,deepseek-v4-flash,1.722,ok,
2026-04-30 03:29,deepseek-v4-pro,1.412,ok,
2026-04-30 03:29,qwen-flash,1.233,ok,
2026-04-30 03:29,qwen-turbo,1.085,ok,
2026-04-30 03:29,qwen-long,1.247,ok,
2026-04-30 03:29,qwen-plus,1.62,ok,
2026-04-30 03:29,qwen3.5-flash,3.187,ok,
2026-04-30 03:29,qwen3.5-plus,5.07,ok,
2026-04-30 03:29,qwen3.5-35b-a3b,2.483,ok,
2026-04-30 03:29,qwen3.5-397b-a17b,1.04,ok,
2026-04-30 03:29,qwen3-next,1.567,ok,
2026-04-30 03:29,qwen3-32b,2.717,ok,
2026-04-30 03:29,qwen3-max,1.456,ok,
2026-04-30 03:29,qwen3-235b,1.132,ok,
2026-04-30 03:29,qwen3-coder,1.171,ok,
2026-04-30 03:29,qwen3-30b-a3b-instruct-2507,1.146,ok,
2026-04-30 03:29,glm-4.6,24.692,ok,
2026-04-30 03:29,glm-4.7,1.603,ok,
2026-04-30 03:29,glm-5,8.431,ok,
2026-04-30 03:29,glm-5.1,5.124,ok,
2026-04-30 03:29,minimax-m2.5,2.344,ok,
2026-04-30 03:29,minimax-m2.5-highspeed,2.741,ok,
2026-04-30 03:29,minimax-m2.7,1.925,ok,
2026-04-30 03:29,hunyuan-vision-1.5-instruct,2.177,ok,
2026-04-30 03:29,hunyuan-t1-vision-20250916,1.811,ok,
2026-04-30 03:29,doubao-seed-2-0-lite,2.551,ok,
2026-04-30 04:46,GPT-4.1,3.066,ok,
2026-04-30 04:46,GPT-4o,2.823,ok,
2026-04-30 04:46,gpt-4o-2024-11-20,3.219,ok,
2026-04-30 04:46,gpt-4o-2024-08-06,2.744,ok,
2026-04-30 04:46,gpt-4o-mini-2024-07-18,2.049,ok,
2026-04-30 04:46,gpt-5,3.469,ok,
2026-04-30 04:46,gpt-5-codex,3.233,ok,
2026-04-30 04:46,gpt-5.1,-1,fail,"HTTP 503 - 服务暂时不可用，上游服务过载或维护中; body={""error"":{""message"":""openai_error"",""type"":""bad_response_status_code"",""param"":"""",""code"":""bad_response_status_code""}}"
2026-04-30 04:46,gpt-5.1-codex,2.711,ok,
2026-04-30 04:46,gpt-5.2,2.098,ok,
2026-04-30 04:46,gpt-5.2-codex,2.749,ok,
2026-04-30 04:46,gpt-5.3-codex,2.204,ok,
2026-04-30 04:46,gpt-5.4,6.313,ok,
2026-04-30 04:46,gpt-oss-120b,1.253,ok,
2026-04-30 04:46,mog-5,9.707,ok,
2026-04-30 04:46,claude-3.7-sonnet-20250219,2.579,ok,
2026-04-30 04:46,claude-sonnet-4-20250514,2.681,ok,
2026-04-30 04:46,claude-sonnet-4-5-20250929,3.476,ok,
2026-04-30 04:46,claude-sonnet-4-6,2.945,ok,
2026-04-30 04:46,claude-haiku-4-5-20251001,2.185,ok,
2026-04-30 04:46,claude-opus-4-20250514,3.203,ok,
2026-04-30 04:46,claude-opus-4-1-20250805,2.826,ok,
2026-04-30 04:46,claude-opus-4-5-20251101,8.825,ok,
2026-04-30 04:46,claude-opus-4-6,3.336,ok,
2026-04-30 04:46,claude-opus-4-7-stable,4.227,ok,
2026-04-30 04:46,claude-sonnet-4-5-20250929-stable,4.866,ok,
2026-04-30 04:46,claude-sonnet-4-6-stable,4.137,ok,
2026-04-30 04:46,claude-haiku-4-5-20251001-stable,4.248,ok,
2026-04-30 04:46,claude-opus-4-6-stable,5.326,ok,
2026-04-30 04:46,claude-opus-4-5-20251101-stable,3.616,ok,
2026-04-30 04:46,gemini-2.5-flash-lite,1.972,ok,
2026-04-30 04:46,gemini-2.5-flash,0.928,ok,
2026-04-30 04:46,gemini-2.5-pro,5.28,ok,
2026-04-30 04:46,gemini-3-flash-preview,0.851,ok,
2026-04-30 04:46,gemini-3.1-flash-lite-preview,3.373,ok,
2026-04-30 04:46,gemini-3.1-pro-preview,0.782,ok,
2026-04-30 04:46,kimi-k2,1.197,ok,
2026-04-30 04:46,kimi-k2-5-260127,2.009,ok,
2026-04-30 04:46,kimi-k2-thinking,1.459,ok,
2026-04-30 04:46,mimo-v2-flash,1.289,ok,
2026-04-30 04:46,mimo-v2-pro,1.993,ok,
2026-04-30 04:46,deepseek-v3,1.556,ok,
2026-04-30 04:46,deepseek-v3-2-251201,2.116,ok,
2026-04-30 04:46,deepseek-reasoner,5.131,ok,
2026-04-30 04:46,deepseek-v3.1,1.857,ok,
2026-04-30 04:46,deepseek-v3.2-speciale,4.386,ok,
2026-04-30 04:46,deepseek-v4-flash,1.738,ok,
2026-04-30 04:46,deepseek-v4-pro,1.195,ok,
2026-04-30 04:46,qwen-flash,1.391,ok,
2026-04-30 04:46,qwen-turbo,1.054,ok,
2026-04-30 04:46,qwen-long,1.158,ok,
2026-04-30 04:46,qwen-plus,1.307,ok,
2026-04-30 04:46,qwen3.5-flash,2.301,ok,
2026-04-30 04:46,qwen3.5-plus,8.951,ok,
2026-04-30 04:46,qwen3.5-35b-a3b,2.828,ok,
2026-04-30 04:46,qwen3.5-397b-a17b,1.026,ok,
2026-04-30 04:46,qwen3-next,1.329,ok,
2026-04-30 04:46,qwen3-32b,2.595,ok,
2026-04-30 04:46,qwen3-max,2.028,ok,
2026-04-30 04:46,qwen3-235b,1.186,ok,
2026-04-30 04:46,qwen3-coder,2.786,ok,
2026-04-30 04:46,qwen3-30b-a3b-instruct-2507,1.307,ok,
2026-04-30 04:46,glm-4.6,1.589,ok,
2026-04-30 04:46,glm-4.7,1.64,ok,
2026-04-30 04:46,glm-5,4.553,ok,
2026-04-30 04:46,glm-5.1,4.73,ok,
2026-04-30 04:46,minimax-m2.5,2.169,ok,
2026-04-30 04:46,minimax-m2.5-highspeed,2.474,ok,
2026-04-30 04:46,minimax-m2.7,2.245,ok,
2026-04-30 04:46,hunyuan-vision-1.5-instruct,2.069,ok,
2026-04-30 04:46,hunyuan-t1-vision-20250916,1.838,ok,
2026-04-30 04:46,doubao-seed-2-0-lite,2.42,ok,
2026-04-30 06:01,GPT-4.1,2.912,ok,
2026-04-30 06:01,GPT-4o,2.057,ok,
2026-04-30 06:01,gpt-4o-2024-11-20,3.889,ok,
2026-04-30 06:01,gpt-4o-2024-08-06,2.38,ok,
2026-04-30 06:01,gpt-4o-mini-2024-07-18,2.164,ok,
2026-04-30 06:01,gpt-5,3.845,ok,
2026-04-30 06:01,gpt-5-codex,2.872,ok,
2026-04-30 06:01,gpt-5.1,1.725,ok,
2026-04-30 06:01,gpt-5.1-codex,2.213,ok,
2026-04-30 06:01,gpt-5.2,2.076,ok,
2026-04-30 06:01,gpt-5.2-codex,2.667,ok,
2026-04-30 06:01,gpt-5.3-codex,2.043,ok,
2026-04-30 06:01,gpt-5.4,2.067,ok,
2026-04-30 06:01,gpt-oss-120b,1.679,ok,
2026-04-30 06:01,mog-5,10.638,ok,
2026-04-30 06:01,claude-3.7-sonnet-20250219,2.804,ok,
2026-04-30 06:01,claude-sonnet-4-20250514,2.411,ok,
2026-04-30 06:01,claude-sonnet-4-5-20250929,2.723,ok,
2026-04-30 06:01,claude-sonnet-4-6,3.205,ok,
2026-04-30 06:01,claude-haiku-4-5-20251001,2.419,ok,
2026-04-30 06:01,claude-opus-4-20250514,3.348,ok,
2026-04-30 06:01,claude-opus-4-1-20250805,3.541,ok,
2026-04-30 06:01,claude-opus-4-5-20251101,2.816,ok,
2026-04-30 06:01,claude-opus-4-6,2.887,ok,
2026-04-30 06:01,claude-opus-4-7-stable,29.551,ok,
2026-04-30 06:01,claude-sonnet-4-5-20250929-stable,4.023,ok,
2026-04-30 06:01,claude-sonnet-4-6-stable,3.303,ok,
2026-04-30 06:01,claude-haiku-4-5-20251001-stable,3.905,ok,
2026-04-30 06:01,claude-opus-4-6-stable,3.237,ok,
2026-04-30 06:01,claude-opus-4-5-20251101-stable,4.11,ok,
2026-04-30 06:01,gemini-2.5-flash-lite,-1,fail,"HTTP 503 - 服务暂时不可用，上游服务过载或维护中; body={""error"":{""message"":""openai_error"",""type"":""bad_response_status_code"",""param"":"""",""code"":""bad_response_status_code""}}"
2026-04-30 06:01,gemini-2.5-flash,0.854,ok,
2026-04-30 06:01,gemini-2.5-pro,-1,fail,"HTTP 503 - 服务暂时不可用，上游服务过载或维护中; body={""error"":{""message"":""openai_error"",""type"":""bad_response_status_code"",""param"":"""",""code"":""bad_response_status_code""}}"
2026-04-30 06:01,gemini-3-flash-preview,0.768,ok,
2026-04-30 06:01,gemini-3.1-flash-lite-preview,2.499,ok,
2026-04-30 06:01,gemini-3.1-pro-preview,1.404,ok,
2026-04-30 06:01,kimi-k2,1.445,ok,
2026-04-30 06:01,kimi-k2-5-260127,1.475,ok,
2026-04-30 06:01,kimi-k2-thinking,1.614,ok,
2026-04-30 06:01,mimo-v2-flash,1.523,ok,
2026-04-30 06:01,mimo-v2-pro,3.249,ok,
2026-04-30 06:01,deepseek-v3,1.711,ok,
2026-04-30 06:01,deepseek-v3-2-251201,2.187,ok,
2026-04-30 06:01,deepseek-reasoner,2.012,ok,
2026-04-30 06:01,deepseek-v3.1,1.93,ok,
2026-04-30 06:01,deepseek-v3.2-speciale,4.522,ok,
2026-04-30 06:01,deepseek-v4-flash,1.666,ok,
2026-04-30 06:01,deepseek-v4-pro,1.285,ok,
2026-04-30 06:01,qwen-flash,1.071,ok,
2026-04-30 06:01,qwen-turbo,1.01,ok,
2026-04-30 06:01,qwen-long,1.195,ok,
2026-04-30 06:01,qwen-plus,1.182,ok,
2026-04-30 06:01,qwen3.5-flash,2.101,ok,
2026-04-30 06:01,qwen3.5-plus,3.673,ok,
2026-04-30 06:01,qwen3.5-35b-a3b,1.932,ok,
2026-04-30 06:01,qwen3.5-397b-a17b,1.016,ok,
2026-04-30 06:01,qwen3-next,1.06,ok,
2026-04-30 06:01,qwen3-32b,2.883,ok,
2026-04-30 06:01,qwen3-max,1.613,ok,
2026-04-30 06:01,qwen3-235b,1.074,ok,
2026-04-30 06:01,qwen3-coder,1.222,ok,
2026-04-30 06:01,qwen3-30b-a3b-instruct-2507,1.196,ok,
2026-04-30 06:01,glm-4.6,3.94,ok,
2026-04-30 06:01,glm-4.7,1.213,ok,
2026-04-30 06:01,glm-5,5.513,ok,
2026-04-30 06:01,glm-5.1,4.081,ok,
2026-04-30 06:01,minimax-m2.5,2.113,ok,
2026-04-30 06:01,minimax-m2.5-highspeed,2.336,ok,
2026-04-30 06:01,minimax-m2.7,2.129,ok,
2026-04-30 06:01,hunyuan-vision-1.5-instruct,1.896,ok,
2026-04-30 06:01,hunyuan-t1-vision-20250916,1.84,ok,
2026-04-30 06:01,doubao-seed-2-0-lite,2.61,ok,
2026-04-30 07:05,GPT-4.1,2.642,ok,
2026-04-30 07:05,GPT-4o,1.897,ok,
2026-04-30 07:05,gpt-4o-2024-11-20,2.903,ok,
2026-04-30 07:05,gpt-4o-2024-08-06,1.982,ok,
2026-04-30 07:05,gpt-4o-mini-2024-07-18,1.849,ok,
2026-04-30 07:05,gpt-5,4.424,ok,
2026-04-30 07:05,gpt-5-codex,2.464,ok,
2026-04-30 07:05,gpt-5.1,1.721,ok,
2026-04-30 07:05,gpt-5.1-codex,2.864,ok,
2026-04-30 07:05,gpt-5.2,1.924,ok,
2026-04-30 07:05,gpt-5.2-codex,2.51,ok,
2026-04-30 07:05,gpt-5.3-codex,2.559,ok,
2026-04-30 07:05,gpt-5.4,1.878,ok,
2026-04-30 07:05,gpt-oss-120b,1.358,ok,
2026-04-30 07:05,mog-5,45.694,ok,
2026-04-30 07:05,claude-3.7-sonnet-20250219,2.688,ok,
2026-04-30 07:05,claude-sonnet-4-20250514,2.545,ok,
2026-04-30 07:05,claude-sonnet-4-5-20250929,2.537,ok,
2026-04-30 07:05,claude-sonnet-4-6,3.192,ok,
2026-04-30 07:05,claude-haiku-4-5-20251001,2.292,ok,
2026-04-30 07:05,claude-opus-4-20250514,2.929,ok,
2026-04-30 07:05,claude-opus-4-1-20250805,6.57,ok,
2026-04-30 07:05,claude-opus-4-5-20251101,3.218,ok,
2026-04-30 07:05,claude-opus-4-6,2.924,ok,
2026-04-30 07:05,claude-opus-4-7-stable,3.479,ok,
2026-04-30 07:05,claude-sonnet-4-5-20250929-stable,3.968,ok,
2026-04-30 07:05,claude-sonnet-4-6-stable,3.921,ok,
2026-04-30 07:05,claude-haiku-4-5-20251001-stable,4.171,ok,
2026-04-30 07:05,claude-opus-4-6-stable,4.304,ok,
2026-04-30 07:05,claude-opus-4-5-20251101-stable,3.146,ok,
2026-04-30 07:05,gemini-2.5-flash-lite,0.845,ok,
2026-04-30 07:05,gemini-2.5-flash,0.752,ok,
2026-04-30 07:05,gemini-2.5-pro,6.438,ok,
2026-04-30 07:05,gemini-3-flash-preview,1.069,ok,
2026-04-30 07:05,gemini-3.1-flash-lite-preview,1.002,ok,
2026-04-30 07:05,gemini-3.1-pro-preview,0.77,ok,
2026-04-30 07:05,kimi-k2,1.635,ok,
2026-04-30 07:05,kimi-k2-5-260127,1.851,ok,
2026-04-30 07:05,kimi-k2-thinking,1.617,ok,
2026-04-30 07:05,mimo-v2-flash,1.698,ok,
2026-04-30 07:05,mimo-v2-pro,2.1,ok,
2026-04-30 07:05,deepseek-v3,1.842,ok,
2026-04-30 07:05,deepseek-v3-2-251201,1.987,ok,
2026-04-30 07:05,deepseek-reasoner,5.025,ok,
2026-04-30 07:05,deepseek-v3.1,1.541,ok,
2026-04-30 07:05,deepseek-v3.2-speciale,5.088,ok,
2026-04-30 07:05,deepseek-v4-flash,1.76,ok,
2026-04-30 07:05,deepseek-v4-pro,1.217,ok,
2026-04-30 07:05,qwen-flash,1.234,ok,
2026-04-30 07:05,qwen-turbo,1.05,ok,
2026-04-30 07:05,qwen-long,1.351,ok,
2026-04-30 07:05,qwen-plus,1.426,ok,
2026-04-30 07:05,qwen3.5-flash,3.139,ok,
2026-04-30 07:05,qwen3.5-plus,4.856,ok,
2026-04-30 07:05,qwen3.5-35b-a3b,2.962,ok,
2026-04-30 07:05,qwen3.5-397b-a17b,1.031,ok,
2026-04-30 07:05,qwen3-next,1.686,ok,
2026-04-30 07:05,qwen3-32b,5.743,ok,
2026-04-30 07:05,qwen3-max,4.284,ok,
2026-04-30 07:05,qwen3-235b,1.073,ok,
2026-04-30 07:05,qwen3-coder,1.459,ok,
2026-04-30 07:05,qwen3-30b-a3b-instruct-2507,1.262,ok,
2026-04-30 07:05,glm-4.6,16.886,ok,
2026-04-30 07:05,glm-4.7,1.53,ok,
2026-04-30 07:05,glm-5,3.058,ok,
2026-04-30 07:05,glm-5.1,-1,fail,"HTTP 503 - 服务暂时不可用，上游服务过载或维护中; body={""error"":{""message"":""openai_error"",""type"":""bad_response_status_code"",""param"":"""",""code"":""bad_response_status_code""}}"
2026-04-30 07:05,minimax-m2.5,-1,fail,"HTTP 503 - 服务暂时不可用，上游服务过载或维护中; body={""error"":{""message"":""openai_error"",""type"":""bad_response_status_code"",""param"":"""",""code"":""bad_response_status_code""}}"
2026-04-30 07:05,minimax-m2.5-highspeed,2.172,ok,
2026-04-30 07:05,minimax-m2.7,2.936,ok,
2026-04-30 07:05,hunyuan-vision-1.5-instruct,1.932,ok,
2026-04-30 07:05,hunyuan-t1-vision-20250916,1.766,ok,
2026-04-30 07:05,doubao-seed-2-0-lite,3.113,ok,
2026-04-30 08:14,GPT-4.1,2.659,ok,
2026-04-30 08:14,GPT-4o,1.846,ok,
2026-04-30 08:14,gpt-4o-2024-11-20,3.014,ok,
2026-04-30 08:14,gpt-4o-2024-08-06,2.376,ok,
2026-04-30 08:14,gpt-4o-mini-2024-07-18,1.977,ok,
2026-04-30 08:14,gpt-5,3.374,ok,
2026-04-30 08:14,gpt-5-codex,3.126,ok,
2026-04-30 08:14,gpt-5.1,2.359,ok,
2026-04-30 08:14,gpt-5.1-codex,2.666,ok,
2026-04-30 08:14,gpt-5.2,2.765,ok,
2026-04-30 08:14,gpt-5.2-codex,3.005,ok,
2026-04-30 08:14,gpt-5.3-codex,2.86,ok,
2026-04-30 08:14,gpt-5.4,2.565,ok,
2026-04-30 08:14,gpt-oss-120b,1.413,ok,
2026-04-30 08:14,mog-5,23.507,ok,
2026-04-30 08:14,claude-3.7-sonnet-20250219,3.468,ok,
2026-04-30 08:14,claude-sonnet-4-20250514,3.429,ok,
2026-04-30 08:14,claude-sonnet-4-5-20250929,3.098,ok,
2026-04-30 08:14,claude-sonnet-4-6,3.206,ok,
2026-04-30 08:14,claude-haiku-4-5-20251001,2.972,ok,
2026-04-30 08:14,claude-opus-4-20250514,2.921,ok,
2026-04-30 08:14,claude-opus-4-1-20250805,3.932,ok,
2026-04-30 08:14,claude-opus-4-5-20251101,3.105,ok,
2026-04-30 08:14,claude-opus-4-6,3.891,ok,
2026-04-30 08:14,claude-opus-4-7-stable,3.53,ok,
2026-04-30 08:14,claude-sonnet-4-5-20250929-stable,3.442,ok,
2026-04-30 08:14,claude-sonnet-4-6-stable,3.64,ok,
2026-04-30 08:14,claude-haiku-4-5-20251001-stable,3.701,ok,
2026-04-30 08:14,claude-opus-4-6-stable,12.081,ok,
2026-04-30 08:14,claude-opus-4-5-20251101-stable,3.818,ok,
2026-04-30 08:14,gemini-2.5-flash-lite,1.319,ok,
2026-04-30 08:14,gemini-2.5-flash,1.294,ok,
2026-04-30 08:14,gemini-2.5-pro,6.984,ok,
2026-04-30 08:14,gemini-3-flash-preview,1.068,ok,
2026-04-30 08:14,gemini-3.1-flash-lite-preview,0.959,ok,
2026-04-30 08:14,gemini-3.1-pro-preview,18.367,ok,
2026-04-30 08:14,kimi-k2,1.885,ok,
2026-04-30 08:14,kimi-k2-5-260127,2.008,ok,
2026-04-30 08:14,kimi-k2-thinking,1.808,ok,
2026-04-30 08:14,mimo-v2-flash,1.602,ok,
2026-04-30 08:14,mimo-v2-pro,2.729,ok,
2026-04-30 08:14,deepseek-v3,1.895,ok,
2026-04-30 08:14,deepseek-v3-2-251201,2.14,ok,
2026-04-30 08:14,deepseek-reasoner,6.663,ok,
2026-04-30 08:14,deepseek-v3.1,1.626,ok,
2026-04-30 08:14,deepseek-v3.2-speciale,4.661,ok,
2026-04-30 08:14,deepseek-v4-flash,1.928,ok,
2026-04-30 08:14,deepseek-v4-pro,1.619,ok,
2026-04-30 08:14,qwen-flash,1.256,ok,
2026-04-30 08:14,qwen-turbo,1.195,ok,
2026-04-30 08:14,qwen-long,1.748,ok,
2026-04-30 08:14,qwen-plus,1.705,ok,
2026-04-30 08:14,qwen3.5-flash,3.383,ok,
2026-04-30 08:14,qwen3.5-plus,4.485,ok,
2026-04-30 08:14,qwen3.5-35b-a3b,2.079,ok,
2026-04-30 08:14,qwen3.5-397b-a17b,1.179,ok,
2026-04-30 08:14,qwen3-next,1.309,ok,
2026-04-30 08:14,qwen3-32b,3.589,ok,
2026-04-30 08:14,qwen3-max,1.648,ok,
2026-04-30 08:14,qwen3-235b,1.296,ok,
2026-04-30 08:14,qwen3-coder,2.123,ok,
2026-04-30 08:14,qwen3-30b-a3b-instruct-2507,1.416,ok,
2026-04-30 08:14,glm-4.6,2.669,ok,
2026-04-30 08:14,glm-4.7,1.882,ok,
2026-04-30 08:14,glm-5,7.018,ok,
2026-04-30 08:14,glm-5.1,5.911,ok,
2026-04-30 08:14,minimax-m2.5,2.362,ok,
2026-04-30 08:14,minimax-m2.5-highspeed,2.561,ok,
2026-04-30 08:14,minimax-m2.7,3.711,ok,
2026-04-30 08:14,hunyuan-vision-1.5-instruct,2.058,ok,
2026-04-30 08:14,hunyuan-t1-vision-20250916,2.146,ok,
2026-04-30 08:14,doubao-seed-2-0-lite,3.032,ok,
2026-04-30 10:52,GPT-4.1,3.652,ok,
2026-04-30 10:52,GPT-4o,2.268,ok,
2026-04-30 10:52,gpt-4o-2024-11-20,2.654,ok,
2026-04-30 10:52,gpt-4o-2024-08-06,3.148,ok,
2026-04-30 10:52,gpt-4o-mini-2024-07-18,1.946,ok,
2026-04-30 10:52,gpt-5,5.126,ok,
2026-04-30 10:52,gpt-5-codex,2.958,ok,
2026-04-30 10:52,gpt-5.1,1.81,ok,
2026-04-30 10:52,gpt-5.1-codex,2.341,ok,
2026-04-30 10:52,gpt-5.2,3.4,ok,
2026-04-30 10:52,gpt-5.2-codex,2.801,ok,
2026-04-30 10:52,gpt-5.3-codex,3.574,ok,
2026-04-30 10:52,gpt-5.4,2.067,ok,
2026-04-30 10:52,gpt-oss-120b,1.44,ok,
2026-04-30 10:52,mog-5,36.092,ok,
2026-04-30 10:52,claude-3.7-sonnet-20250219,3.971,ok,
2026-04-30 10:52,claude-sonnet-4-20250514,3.855,ok,
2026-04-30 10:52,claude-sonnet-4-5-20250929,3.708,ok,
2026-04-30 10:52,claude-sonnet-4-6,2.807,ok,
2026-04-30 10:52,claude-haiku-4-5-20251001,2.356,ok,
2026-04-30 10:52,claude-opus-4-20250514,2.723,ok,
2026-04-30 10:52,claude-opus-4-1-20250805,2.87,ok,
2026-04-30 10:52,claude-opus-4-5-20251101,3.991,ok,
2026-04-30 10:52,claude-opus-4-6,3.783,ok,
2026-04-30 10:52,claude-opus-4-7-stable,7.212,ok,
2026-04-30 10:52,claude-sonnet-4-5-20250929-stable,11.817,ok,
2026-04-30 10:52,claude-sonnet-4-6-stable,3.898,ok,
2026-04-30 10:52,claude-haiku-4-5-20251001-stable,3.952,ok,
2026-04-30 10:52,claude-opus-4-6-stable,5.117,ok,
2026-04-30 10:52,claude-opus-4-5-20251101-stable,4.22,ok,
2026-04-30 10:52,gemini-2.5-flash-lite,0.982,ok,
2026-04-30 10:52,gemini-2.5-flash,1.229,ok,
2026-04-30 10:52,gemini-2.5-pro,0.995,ok,
2026-04-30 10:52,gemini-3-flash-preview,9.522,ok,
2026-04-30 10:52,gemini-3.1-flash-lite-preview,0.907,ok,
2026-04-30 10:52,gemini-3.1-pro-preview,0.898,ok,
2026-04-30 10:52,kimi-k2,2.488,ok,
2026-04-30 10:52,kimi-k2-5-260127,1.552,ok,
2026-04-30 10:52,kimi-k2-thinking,2.687,ok,
2026-04-30 10:52,mimo-v2-flash,4.203,ok,
2026-04-30 10:52,mimo-v2-pro,5.262,ok,
2026-04-30 10:52,deepseek-v3,2.188,ok,
2026-04-30 10:52,deepseek-v3-2-251201,2.178,ok,
2026-04-30 10:52,deepseek-reasoner,7.962,ok,
2026-04-30 10:52,deepseek-v3.1,2.037,ok,
2026-04-30 10:52,deepseek-v3.2-speciale,4.555,ok,
2026-04-30 10:52,deepseek-v4-flash,1.847,ok,
2026-04-30 10:52,deepseek-v4-pro,1.49,ok,
2026-04-30 10:52,qwen-flash,1.478,ok,
2026-04-30 10:52,qwen-turbo,1.339,ok,
2026-04-30 10:52,qwen-long,1.643,ok,
2026-04-30 10:52,qwen-plus,1.805,ok,
2026-04-30 10:52,qwen3.5-flash,3.294,ok,
2026-04-30 10:52,qwen3.5-plus,5.014,ok,
2026-04-30 10:52,qwen3.5-35b-a3b,3.272,ok,
2026-04-30 10:52,qwen3.5-397b-a17b,1.266,ok,
2026-04-30 10:52,qwen3-next,1.83,ok,
2026-04-30 10:52,qwen3-32b,4.001,ok,
2026-04-30 10:52,qwen3-max,1.9,ok,
2026-04-30 10:52,qwen3-235b,2.404,ok,
2026-04-30 10:52,qwen3-coder,1.5,ok,
2026-04-30 10:52,qwen3-30b-a3b-instruct-2507,1.561,ok,
2026-04-30 10:52,glm-4.6,1.646,ok,
2026-04-30 10:52,glm-4.7,1.871,ok,
2026-04-30 10:52,glm-5,4.558,ok,
2026-04-30 10:52,glm-5.1,5.001,ok,
2026-04-30 10:52,minimax-m2.5,2.7,ok,
2026-04-30 10:52,minimax-m2.5-highspeed,2.323,ok,
2026-04-30 10:52,minimax-m2.7,3.113,ok,
2026-04-30 10:52,hunyuan-vision-1.5-instruct,2.274,ok,
2026-04-30 10:52,hunyuan-t1-vision-20250916,2.294,ok,
2026-04-30 10:52,doubao-seed-2-0-lite,2.947,ok,
2026-04-30 11:05,GPT-4.1,1.86,ok,
2026-04-30 11:05,GPT-4o,2.806,ok,
2026-04-30 11:05,gpt-4o-2024-11-20,2.014,ok,
2026-04-30 11:05,gpt-4o-2024-08-06,2.97,ok,
2026-04-30 11:05,gpt-4o-mini-2024-07-18,2.118,ok,
2026-04-30 11:05,gpt-5,4.019,ok,
2026-04-30 11:05,gpt-5-codex,2.588,ok,
2026-04-30 11:05,gpt-5.1,2.192,ok,
2026-04-30 11:05,gpt-5.1-codex,2.054,ok,
2026-04-30 11:05,gpt-5.2,3.912,ok,
2026-04-30 11:05,gpt-5.2-codex,2.679,ok,
2026-04-30 11:05,gpt-5.3-codex,2.716,ok,
2026-04-30 11:05,gpt-5.4,1.963,ok,
2026-04-30 11:05,gpt-oss-120b,2.15,ok,
2026-04-30 11:05,mog-5,34.487,ok,
2026-04-30 11:05,claude-3.7-sonnet-20250219,3.287,ok,
2026-04-30 11:05,claude-sonnet-4-20250514,3.579,ok,
2026-04-30 11:05,claude-sonnet-4-5-20250929,2.767,ok,
2026-04-30 11:05,claude-sonnet-4-6,2.914,ok,
2026-04-30 11:05,claude-haiku-4-5-20251001,2.448,ok,
2026-04-30 11:05,claude-opus-4-20250514,3.05,ok,
2026-04-30 11:05,claude-opus-4-1-20250805,3.306,ok,
2026-04-30 11:05,claude-opus-4-5-20251101,3.201,ok,
2026-04-30 11:05,claude-opus-4-6,3.697,ok,
2026-04-30 11:05,claude-opus-4-7-stable,4.221,ok,
2026-04-30 11:05,claude-sonnet-4-5-20250929-stable,3.338,ok,
2026-04-30 11:05,claude-sonnet-4-6-stable,7.641,ok,
2026-04-30 11:05,claude-haiku-4-5-20251001-stable,4.359,ok,
2026-04-30 11:05,claude-opus-4-6-stable,3.415,ok,
2026-04-30 11:05,claude-opus-4-5-20251101-stable,6.95,ok,
2026-04-30 11:05,gemini-2.5-flash-lite,0.842,ok,
2026-04-30 11:05,gemini-2.5-flash,0.825,ok,
2026-04-30 11:05,gemini-2.5-pro,0.859,ok,
2026-04-30 11:05,gemini-3-flash-preview,8.99,ok,
2026-04-30 11:05,gemini-3.1-flash-lite-preview,0.755,ok,
2026-04-30 11:05,gemini-3.1-pro-preview,1.057,ok,
2026-04-30 11:05,kimi-k2,1.37,ok,
2026-04-30 11:05,kimi-k2-5-260127,1.196,ok,
2026-04-30 11:05,kimi-k2-thinking,1.408,ok,
2026-04-30 11:05,mimo-v2-flash,9.903,ok,
2026-04-30 11:05,mimo-v2-pro,4.545,ok,
2026-04-30 11:05,deepseek-v3,1.845,ok,
2026-04-30 11:05,deepseek-v3-2-251201,1.8,ok,
2026-04-30 11:05,deepseek-reasoner,5.759,ok,
2026-04-30 11:05,deepseek-v3.1,2.307,ok,
2026-04-30 11:05,deepseek-v3.2-speciale,4.147,ok,
2026-04-30 11:05,deepseek-v4-flash,1.841,ok,
2026-04-30 11:05,deepseek-v4-pro,1.211,ok,
2026-04-30 11:05,qwen-flash,1.471,ok,
2026-04-30 11:05,qwen-turbo,1.224,ok,
2026-04-30 11:05,qwen-long,1.199,ok,
2026-04-30 11:05,qwen-plus,1.481,ok,
2026-04-30 11:05,qwen3.5-flash,2.115,ok,
2026-04-30 11:05,qwen3.5-plus,4.818,ok,
2026-04-30 11:05,qwen3.5-35b-a3b,1.957,ok,
2026-04-30 11:05,qwen3.5-397b-a17b,1.028,ok,
2026-04-30 11:05,qwen3-next,1.193,ok,
2026-04-30 11:05,qwen3-32b,3.011,ok,
2026-04-30 11:05,qwen3-max,2.953,ok,
2026-04-30 11:05,qwen3-235b,1.092,ok,
2026-04-30 11:05,qwen3-coder,6.968,ok,
2026-04-30 11:05,qwen3-30b-a3b-instruct-2507,1.226,ok,
2026-04-30 11:05,glm-4.6,2.607,ok,
2026-04-30 11:05,glm-4.7,2.859,ok,
2026-04-30 11:05,glm-5,2.55,ok,
2026-04-30 11:05,glm-5.1,3.757,ok,
2026-04-30 11:05,minimax-m2.5,3.411,ok,
2026-04-30 11:05,minimax-m2.5-highspeed,4.08,ok,
2026-04-30 11:05,minimax-m2.7,3.973,ok,
2026-04-30 11:05,hunyuan-vision-1.5-instruct,3.178,ok,
2026-04-30 11:05,hunyuan-t1-vision-20250916,4.076,ok,
2026-04-30 11:05,doubao-seed-2-0-lite,2.884,ok,
2026-04-30 11:24,GPT-4.1,3.914,ok,
2026-04-30 11:24,GPT-4o,2.987,ok,
2026-04-30 11:24,gpt-4o-2024-11-20,2.169,ok,
2026-04-30 11:24,gpt-4o-2024-08-06,2.83,ok,
2026-04-30 11:24,gpt-4o-mini-2024-07-18,2.163,ok,
2026-04-30 11:24,gpt-5,5.065,ok,
2026-04-30 11:24,gpt-5-codex,2.402,ok,
2026-04-30 11:24,gpt-5.1,3.289,ok,
2026-04-30 11:24,gpt-5.1-codex,2.734,ok,
2026-04-30 11:24,gpt-5.2,2.069,ok,
2026-04-30 11:24,gpt-5.2-codex,2.621,ok,
2026-04-30 11:24,gpt-5.3-codex,3.544,ok,
2026-04-30 11:24,gpt-5.4,2.018,ok,
2026-04-30 11:24,gpt-oss-120b,1.949,ok,
2026-04-30 11:24,mog-5,9.982,ok,
2026-04-30 11:24,claude-3.7-sonnet-20250219,-1,fail,Request timeout (>60s) - model too slow or service unavailable
2026-04-30 11:24,claude-sonnet-4-20250514,3.857,ok,
2026-04-30 11:24,claude-sonnet-4-5-20250929,51.69,ok,
2026-04-30 11:24,claude-sonnet-4-6,3.517,ok,
2026-04-30 11:24,claude-haiku-4-5-20251001,3.215,ok,
2026-04-30 11:24,claude-opus-4-20250514,42.326,ok,
2026-04-30 11:24,claude-opus-4-1-20250805,9.395,ok,
2026-04-30 11:24,claude-opus-4-5-20251101,36.008,ok,
2026-04-30 11:24,claude-opus-4-6,27.976,ok,
2026-04-30 11:24,claude-opus-4-7-stable,7.06,ok,
2026-04-30 11:24,claude-sonnet-4-5-20250929-stable,5.982,ok,
2026-04-30 11:24,claude-sonnet-4-6-stable,7.092,ok,
2026-04-30 11:24,claude-haiku-4-5-20251001-stable,3.254,ok,
2026-04-30 11:24,claude-opus-4-6-stable,5.149,ok,
2026-04-30 11:24,claude-opus-4-5-20251101-stable,5.244,ok,
2026-04-30 11:24,gemini-2.5-flash-lite,0.958,ok,
2026-04-30 11:24,gemini-2.5-flash,1.508,ok,
2026-04-30 11:24,gemini-2.5-pro,1.149,ok,
2026-04-30 11:24,gemini-3-flash-preview,0.918,ok,
2026-04-30 11:24,gemini-3.1-flash-lite-preview,8.935,ok,
2026-04-30 11:24,gemini-3.1-pro-preview,18.156,ok,
2026-04-30 11:24,kimi-k2,2.554,ok,
2026-04-30 11:24,kimi-k2-5-260127,1.349,ok,
2026-04-30 11:24,kimi-k2-thinking,1.615,ok,
2026-04-30 11:24,mimo-v2-flash,2.559,ok,
2026-04-30 11:24,mimo-v2-pro,3.565,ok,
2026-04-30 11:24,deepseek-v3,1.737,ok,
2026-04-30 11:24,deepseek-v3-2-251201,1.79,ok,
2026-04-30 11:24,deepseek-reasoner,2.209,ok,
2026-04-30 11:24,deepseek-v3.1,2.033,ok,
2026-04-30 11:24,deepseek-v3.2-speciale,4.475,ok,
2026-04-30 11:24,deepseek-v4-flash,1.763,ok,
2026-04-30 11:24,deepseek-v4-pro,1.844,ok,
2026-04-30 11:24,qwen-flash,1.137,ok,
2026-04-30 11:24,qwen-turbo,1.121,ok,
2026-04-30 11:24,qwen-long,1.53,ok,
2026-04-30 11:24,qwen-plus,1.543,ok,
2026-04-30 11:24,qwen3.5-flash,2.938,ok,
2026-04-30 11:24,qwen3.5-plus,4.738,ok,
2026-04-30 11:24,qwen3.5-35b-a3b,2.755,ok,
2026-04-30 11:24,qwen3.5-397b-a17b,1.259,ok,
2026-04-30 11:24,qwen3-next,1.739,ok,
2026-04-30 11:24,qwen3-32b,3.203,ok,
2026-04-30 11:24,qwen3-max,2.084,ok,
2026-04-30 11:24,qwen3-235b,1.321,ok,
2026-04-30 11:24,qwen3-coder,1.547,ok,
2026-04-30 11:24,qwen3-30b-a3b-instruct-2507,1.344,ok,
2026-04-30 11:24,glm-4.6,1.953,ok,
2026-04-30 11:24,glm-4.7,16.596,ok,
2026-04-30 11:24,glm-5,7.308,ok,
2026-04-30 11:24,glm-5.1,5.367,ok,
2026-04-30 11:24,minimax-m2.5,2.294,ok,
2026-04-30 11:24,minimax-m2.5-highspeed,2.918,ok,
2026-04-30 11:24,minimax-m2.7,2.119,ok,
2026-04-30 11:24,hunyuan-vision-1.5-instruct,2.494,ok,
2026-04-30 11:24,hunyuan-t1-vision-20250916,2.11,ok,
2026-04-30 11:24,doubao-seed-2-0-lite,3.07,ok,
2026-04-30 12:12,GPT-4.1,1.976,ok,
2026-04-30 12:12,GPT-4o,2.654,ok,
2026-04-30 12:12,gpt-4o-2024-11-20,-1,fail,"HTTP 503 - 服务暂时不可用，上游服务过载或维护中; body={""error"":{""message"":""openai_error"",""type"":""bad_response_status_code"",""param"":"""",""code"":""bad_response_status_code""}}"
2026-04-30 12:12,gpt-4o-2024-08-06,2.519,ok,
2026-04-30 12:12,gpt-4o-mini-2024-07-18,1.806,ok,
2026-04-30 12:12,gpt-5,2.715,ok,
2026-04-30 12:12,gpt-5-codex,2.418,ok,
2026-04-30 12:12,gpt-5.1,4.01,ok,
2026-04-30 12:12,gpt-5.1-codex,2.174,ok,
2026-04-30 12:12,gpt-5.2,1.942,ok,
2026-04-30 12:12,gpt-5.2-codex,2.597,ok,
2026-04-30 12:12,gpt-5.3-codex,2.482,ok,
2026-04-30 12:12,gpt-5.4,2.164,ok,
2026-04-30 12:12,gpt-oss-120b,1.176,ok,
2026-04-30 12:12,mog-5,31.305,ok,
2026-04-30 12:12,claude-3.7-sonnet-20250219,2.263,ok,
2026-04-30 12:12,claude-sonnet-4-20250514,2.489,ok,
2026-04-30 12:12,claude-sonnet-4-5-20250929,2.72,ok,
2026-04-30 12:12,claude-sonnet-4-6,2.778,ok,
2026-04-30 12:12,claude-haiku-4-5-20251001,-1,fail,Request timeout (>60s) - model too slow or service unavailable
2026-04-30 12:12,claude-opus-4-20250514,2.709,ok,
2026-04-30 12:12,claude-opus-4-1-20250805,5.046,ok,
2026-04-30 12:12,claude-opus-4-5-20251101,26.311,ok,
2026-04-30 12:12,claude-opus-4-6,4.061,ok,
2026-04-30 12:12,claude-opus-4-7-stable,2.729,ok,
2026-04-30 12:12,claude-sonnet-4-5-20250929-stable,4.7,ok,
2026-04-30 12:12,claude-sonnet-4-6-stable,3.07,ok,
2026-04-30 12:12,claude-haiku-4-5-20251001-stable,3.398,ok,
2026-04-30 12:12,claude-opus-4-6-stable,3.533,ok,
2026-04-30 12:12,claude-opus-4-5-20251101-stable,3.507,ok,
2026-04-30 12:12,gemini-2.5-flash-lite,1.268,ok,
2026-04-30 12:12,gemini-2.5-flash,1.169,ok,
2026-04-30 12:12,gemini-2.5-pro,0.861,ok,
2026-04-30 12:12,gemini-3-flash-preview,1.29,ok,
2026-04-30 12:12,gemini-3.1-flash-lite-preview,0.846,ok,
2026-04-30 12:12,gemini-3.1-pro-preview,0.775,ok,
2026-04-30 12:12,kimi-k2,1.352,ok,
2026-04-30 12:12,kimi-k2-5-260127,3.584,ok,
2026-04-30 12:12,kimi-k2-thinking,1.449,ok,
2026-04-30 12:12,mimo-v2-flash,1.92,ok,
2026-04-30 12:12,mimo-v2-pro,2.321,ok,
2026-04-30 12:12,deepseek-v3,1.693,ok,
2026-04-30 12:12,deepseek-v3-2-251201,1.717,ok,
2026-04-30 12:12,deepseek-reasoner,6.197,ok,
2026-04-30 12:12,deepseek-v3.1,1.84,ok,
2026-04-30 12:12,deepseek-v3.2-speciale,4.178,ok,
2026-04-30 12:12,deepseek-v4-flash,1.645,ok,
2026-04-30 12:12,deepseek-v4-pro,1.874,ok,
2026-04-30 12:12,qwen-flash,1.336,ok,
2026-04-30 12:12,qwen-turbo,1.08,ok,
2026-04-30 12:12,qwen-long,1.309,ok,
2026-04-30 12:12,qwen-plus,1.645,ok,
2026-04-30 12:12,qwen3.5-flash,1.882,ok,
2026-04-30 12:12,qwen3.5-plus,7.941,ok,
2026-04-30 12:12,qwen3.5-35b-a3b,2.51,ok,
2026-04-30 12:12,qwen3.5-397b-a17b,1.061,ok,
2026-04-30 12:12,qwen3-next,1.2,ok,
2026-04-30 12:12,qwen3-32b,2.824,ok,
2026-04-30 12:12,qwen3-max,1.611,ok,
2026-04-30 12:12,qwen3-235b,1.214,ok,
2026-04-30 12:12,qwen3-coder,1.246,ok,
2026-04-30 12:12,qwen3-30b-a3b-instruct-2507,1.371,ok,
2026-04-30 12:12,glm-4.6,1.713,ok,
2026-04-30 12:12,glm-4.7,48.08,ok,
2026-04-30 12:12,glm-5,5.038,ok,
2026-04-30 12:12,glm-5.1,3.865,ok,
2026-04-30 12:12,minimax-m2.5,2.068,ok,
2026-04-30 12:12,minimax-m2.5-highspeed,2.388,ok,
2026-04-30 12:12,minimax-m2.7,2.582,ok,
2026-04-30 12:12,hunyuan-vision-1.5-instruct,2.284,ok,
2026-04-30 12:12,hunyuan-t1-vision-20250916,2.237,ok,
2026-04-30 12:12,doubao-seed-2-0-lite,2.581,ok,
2026-04-30 13:50,GPT-4.1,3.079,ok,
2026-04-30 13:50,GPT-4o,1.997,ok,
2026-04-30 13:50,gpt-4o-2024-11-20,2.736,ok,
2026-04-30 13:50,gpt-4o-2024-08-06,2.136,ok,
2026-04-30 13:50,gpt-4o-mini-2024-07-18,1.91,ok,
2026-04-30 13:50,gpt-5,5.906,ok,
2026-04-30 13:50,gpt-5-codex,2.684,ok,
2026-04-30 13:50,gpt-5.1,2.251,ok,
2026-04-30 13:50,gpt-5.1-codex,2.881,ok,
2026-04-30 13:50,gpt-5.2,2.362,ok,
2026-04-30 13:50,gpt-5.2-codex,3.407,ok,
2026-04-30 13:50,gpt-5.3-codex,8.554,ok,
2026-04-30 13:50,gpt-5.4,2.297,ok,
2026-04-30 13:50,gpt-oss-120b,1.4,ok,
2026-04-30 13:50,mog-5,21.879,ok,
2026-04-30 13:50,claude-3.7-sonnet-20250219,2.241,ok,
2026-04-30 13:50,claude-sonnet-4-20250514,2.28,ok,
2026-04-30 13:50,claude-sonnet-4-5-20250929,2.335,ok,
2026-04-30 13:50,claude-sonnet-4-6,2.565,ok,
2026-04-30 13:50,claude-haiku-4-5-20251001,2.196,ok,
2026-04-30 13:50,claude-opus-4-20250514,4.504,ok,
2026-04-30 13:50,claude-opus-4-1-20250805,2.345,ok,
2026-04-30 13:50,claude-opus-4-5-20251101,2.375,ok,
2026-04-30 13:50,claude-opus-4-6,2.992,ok,
2026-04-30 13:50,claude-opus-4-7-stable,3.158,ok,
2026-04-30 13:50,claude-sonnet-4-5-20250929-stable,2.434,ok,
2026-04-30 13:50,claude-sonnet-4-6-stable,7.675,ok,
2026-04-30 13:50,claude-haiku-4-5-20251001-stable,3.096,ok,
2026-04-30 13:50,claude-opus-4-6-stable,13.059,ok,
2026-04-30 13:50,claude-opus-4-5-20251101-stable,2.768,ok,
2026-04-30 13:50,gemini-2.5-flash-lite,3.788,ok,
2026-04-30 13:50,gemini-2.5-flash,-1,fail,"HTTP 503 - 服务暂时不可用，上游服务过载或维护中; body={""error"":{""message"":""openai_error"",""type"":""bad_response_status_code"",""param"":"""",""code"":""bad_response_status_code""}}"
2026-04-30 13:50,gemini-2.5-pro,4.774,ok,
2026-04-30 13:50,gemini-3-flash-preview,0.92,ok,
2026-04-30 13:50,gemini-3.1-flash-lite-preview,0.864,ok,
2026-04-30 13:50,gemini-3.1-pro-preview,41.832,ok,
2026-04-30 13:50,kimi-k2,1.464,ok,
2026-04-30 13:50,kimi-k2-5-260127,1.376,ok,
2026-04-30 13:50,kimi-k2-thinking,1.595,ok,
2026-04-30 13:50,mimo-v2-flash,1.768,ok,
2026-04-30 13:50,mimo-v2-pro,2.737,ok,
2026-04-30 13:50,deepseek-v3,1.695,ok,
2026-04-30 13:50,deepseek-v3-2-251201,1.838,ok,
2026-04-30 13:50,deepseek-reasoner,1.863,ok,
2026-04-30 13:50,deepseek-v3.1,1.648,ok,
2026-04-30 13:50,deepseek-v3.2-speciale,4.254,ok,
2026-04-30 13:50,deepseek-v4-flash,1.822,ok,
2026-04-30 13:50,deepseek-v4-pro,2.091,ok,
2026-04-30 13:50,qwen-flash,1.447,ok,
2026-04-30 13:50,qwen-turbo,1.11,ok,
2026-04-30 13:50,qwen-long,1.428,ok,
2026-04-30 13:50,qwen-plus,1.199,ok,
2026-04-30 13:50,qwen3.5-flash,2.72,ok,
2026-04-30 13:50,qwen3.5-plus,5.548,ok,
2026-04-30 13:50,qwen3.5-35b-a3b,2.169,ok,
2026-04-30 13:50,qwen3.5-397b-a17b,1.18,ok,
2026-04-30 13:50,qwen3-next,1.552,ok,
2026-04-30 13:50,qwen3-32b,1.283,ok,
2026-04-30 13:50,qwen3-max,1.85,ok,
2026-04-30 13:50,qwen3-235b,1.588,ok,
2026-04-30 13:50,qwen3-coder,5.734,ok,
2026-04-30 13:50,qwen3-30b-a3b-instruct-2507,1.269,ok,
2026-04-30 13:50,glm-4.6,1.532,ok,
2026-04-30 13:50,glm-4.7,5.994,ok,
2026-04-30 13:50,glm-5,2.948,ok,
2026-04-30 13:50,glm-5.1,4.714,ok,
2026-04-30 13:50,minimax-m2.5,2.614,ok,
2026-04-30 13:50,minimax-m2.5-highspeed,2.778,ok,
2026-04-30 13:50,minimax-m2.7,6.812,ok,
2026-04-30 13:50,hunyuan-vision-1.5-instruct,2.652,ok,
2026-04-30 13:50,hunyuan-t1-vision-20250916,2.338,ok,
2026-04-30 13:50,doubao-seed-2-0-lite,3.128,ok,
2026-04-30 14:48,GPT-4.1,2.106,ok,
2026-04-30 14:48,GPT-4o,2.589,ok,
2026-04-30 14:48,gpt-4o-2024-11-20,3.184,ok,
2026-04-30 14:48,gpt-4o-2024-08-06,2.05,ok,
2026-04-30 14:48,gpt-4o-mini-2024-07-18,1.98,ok,
2026-04-30 14:48,gpt-5,2.274,ok,
2026-04-30 14:48,gpt-5-codex,2.765,ok,
2026-04-30 14:48,gpt-5.1,2.328,ok,
2026-04-30 14:48,gpt-5.1-codex,3.213,ok,
2026-04-30 14:48,gpt-5.2,1.746,ok,
2026-04-30 14:48,gpt-5.2-codex,2.713,ok,
2026-04-30 14:48,gpt-5.3-codex,13.772,ok,
2026-04-30 14:48,gpt-5.4,2.203,ok,
2026-04-30 14:48,gpt-oss-120b,1.349,ok,
2026-04-30 14:48,mog-5,14.018,ok,
2026-04-30 14:48,claude-3.7-sonnet-20250219,2.177,ok,
2026-04-30 14:48,claude-sonnet-4-20250514,3.737,ok,
2026-04-30 14:48,claude-sonnet-4-5-20250929,2.246,ok,
2026-04-30 14:48,claude-sonnet-4-6,2.313,ok,
2026-04-30 14:48,claude-haiku-4-5-20251001,2.408,ok,
2026-04-30 14:48,claude-opus-4-20250514,3.954,ok,
2026-04-30 14:48,claude-opus-4-1-20250805,2.686,ok,
2026-04-30 14:48,claude-opus-4-5-20251101,2.775,ok,
2026-04-30 14:48,claude-opus-4-6,5.981,ok,
2026-04-30 14:48,claude-opus-4-7-stable,4.11,ok,
2026-04-30 14:48,claude-sonnet-4-5-20250929-stable,3.421,ok,
2026-04-30 14:48,claude-sonnet-4-6-stable,3.146,ok,
2026-04-30 14:48,claude-haiku-4-5-20251001-stable,4.013,ok,
2026-04-30 14:48,claude-opus-4-6-stable,6.032,ok,
2026-04-30 14:48,claude-opus-4-5-20251101-stable,3.303,ok,
2026-04-30 14:48,gemini-2.5-flash-lite,2.612,ok,
2026-04-30 14:48,gemini-2.5-flash,3.573,ok,
2026-04-30 14:48,gemini-2.5-pro,5.765,ok,
2026-04-30 14:48,gemini-3-flash-preview,3.066,ok,
2026-04-30 14:48,gemini-3.1-flash-lite-preview,0.845,ok,
2026-04-30 14:48,gemini-3.1-pro-preview,4.481,ok,
2026-04-30 14:48,kimi-k2,1.944,ok,
2026-04-30 14:48,kimi-k2-5-260127,3.095,ok,
2026-04-30 14:48,kimi-k2-thinking,1.49,ok,
2026-04-30 14:48,mimo-v2-flash,8.942,ok,
2026-04-30 14:48,mimo-v2-pro,2.921,ok,
2026-04-30 14:48,deepseek-v3,2.657,ok,
2026-04-30 14:48,deepseek-v3-2-251201,3.455,ok,
2026-04-30 14:48,deepseek-reasoner,6.604,ok,
2026-04-30 14:48,deepseek-v3.1,2.147,ok,
2026-04-30 14:48,deepseek-v3.2-speciale,5.308,ok,
2026-04-30 14:48,deepseek-v4-flash,2.601,ok,
2026-04-30 14:48,deepseek-v4-pro,2.535,ok,
2026-04-30 14:48,qwen-flash,1.198,ok,
2026-04-30 14:48,qwen-turbo,1.343,ok,
2026-04-30 14:48,qwen-long,1.841,ok,
2026-04-30 14:48,qwen-plus,1.37,ok,
2026-04-30 14:48,qwen3.5-flash,3.342,ok,
2026-04-30 14:48,qwen3.5-plus,6.168,ok,
2026-04-30 14:48,qwen3.5-35b-a3b,-1,fail,"HTTP 503 - 服务暂时不可用，上游服务过载或维护中; body={""error"":{""message"":""openai_error"",""type"":""bad_response_status_code"",""param"":"""",""code"":""bad_response_status_code""}}"
2026-04-30 14:48,qwen3.5-397b-a17b,-1,fail,"HTTP 503 - 服务暂时不可用，上游服务过载或维护中; body={""error"":{""message"":""openai_error"",""type"":""bad_response_status_code"",""param"":"""",""code"":""bad_response_status_code""}}"
2026-04-30 14:48,qwen3-next,1.268,ok,
2026-04-30 14:48,qwen3-32b,2.305,ok,
2026-04-30 14:48,qwen3-max,-1,fail,"HTTP 503 - 服务暂时不可用，上游服务过载或维护中; body={""error"":{""message"":""openai_error"",""type"":""bad_response_status_code"",""param"":"""",""code"":""bad_response_status_code""}}"
2026-04-30 14:48,qwen3-235b,1.247,ok,
2026-04-30 14:48,qwen3-coder,1.385,ok,
2026-04-30 14:48,qwen3-30b-a3b-instruct-2507,1.186,ok,
2026-04-30 14:48,glm-4.6,12.488,ok,
2026-04-30 14:48,glm-4.7,1.655,ok,
2026-04-30 14:48,glm-5,5.092,ok,
2026-04-30 14:48,glm-5.1,5.445,ok,
2026-04-30 14:48,minimax-m2.5,3.548,ok,
2026-04-30 14:48,minimax-m2.5-highspeed,2.127,ok,
2026-04-30 14:48,minimax-m2.7,2.388,ok,
2026-04-30 14:48,hunyuan-vision-1.5-instruct,2.25,ok,
2026-04-30 14:48,hunyuan-t1-vision-20250916,2.357,ok,
2026-04-30 14:48,doubao-seed-2-0-lite,5.352,ok,
2026-04-30 16:58,GPT-4.1,1.954,ok,
2026-04-30 16:58,GPT-4o,2.585,ok,
2026-04-30 16:58,gpt-4o-2024-11-20,3.578,ok,
2026-04-30 16:58,gpt-4o-2024-08-06,2.226,ok,
2026-04-30 16:58,gpt-4o-mini-2024-07-18,1.98,ok,
2026-04-30 16:58,gpt-5,4.525,ok,
2026-04-30 16:58,gpt-5-codex,3.185,ok,
2026-04-30 16:58,gpt-5.1,2.851,ok,
2026-04-30 16:58,gpt-5.1-codex,2.524,ok,
2026-04-30 16:58,gpt-5.2,1.937,ok,
2026-04-30 16:58,gpt-5.2-codex,2.751,ok,
2026-04-30 16:58,gpt-5.3-codex,2.404,ok,
2026-04-30 16:58,gpt-5.4,2.583,ok,
2026-04-30 16:58,gpt-oss-120b,1.336,ok,
2026-04-30 16:58,mog-5,17.87,ok,
2026-04-30 16:58,claude-3.7-sonnet-20250219,2.911,ok,
2026-04-30 16:58,claude-sonnet-4-20250514,6.208,ok,
2026-04-30 16:58,claude-sonnet-4-5-20250929,21.28,ok,
2026-04-30 16:58,claude-sonnet-4-6,2.946,ok,
2026-04-30 16:58,claude-haiku-4-5-20251001,4.287,ok,
2026-04-30 16:58,claude-opus-4-20250514,3.254,ok,
2026-04-30 16:58,claude-opus-4-1-20250805,24.957,ok,
2026-04-30 16:58,claude-opus-4-5-20251101,4.241,ok,
2026-04-30 16:58,claude-opus-4-6,13.891,ok,
2026-04-30 16:58,claude-opus-4-7-stable,4.695,ok,
2026-04-30 16:58,claude-sonnet-4-5-20250929-stable,3.569,ok,
2026-04-30 16:58,claude-sonnet-4-6-stable,2.842,ok,
2026-04-30 16:58,claude-haiku-4-5-20251001-stable,10.714,ok,
2026-04-30 16:58,claude-opus-4-6-stable,4.729,ok,
2026-04-30 16:58,claude-opus-4-5-20251101-stable,8.055,ok,
2026-04-30 16:58,gemini-2.5-flash-lite,3.251,ok,
2026-04-30 16:58,gemini-2.5-flash,2.349,ok,
2026-04-30 16:58,gemini-2.5-pro,0.868,ok,
2026-04-30 16:58,gemini-3-flash-preview,3.132,ok,
2026-04-30 16:58,gemini-3.1-flash-lite-preview,0.897,ok,
2026-04-30 16:58,gemini-3.1-pro-preview,-1,fail,Request timeout (>60s) - model too slow or service unavailable
2026-04-30 16:58,kimi-k2,1.451,ok,
2026-04-30 16:58,kimi-k2-5-260127,1.31,ok,
2026-04-30 16:58,kimi-k2-thinking,6.993,ok,
2026-04-30 16:58,mimo-v2-flash,6.916,ok,
2026-04-30 16:58,mimo-v2-pro,3.531,ok,
2026-04-30 16:58,deepseek-v3,1.43,ok,
2026-04-30 16:58,deepseek-v3-2-251201,4.934,ok,
2026-04-30 16:58,deepseek-reasoner,6.0,ok,
2026-04-30 16:58,deepseek-v3.1,2.152,ok,
2026-04-30 16:58,deepseek-v3.2-speciale,4.337,ok,
2026-04-30 16:58,deepseek-v4-flash,2.38,ok,
2026-04-30 16:58,deepseek-v4-pro,1.422,ok,
2026-04-30 16:58,qwen-flash,1.279,ok,
2026-04-30 16:58,qwen-turbo,1.336,ok,
2026-04-30 16:58,qwen-long,1.838,ok,
2026-04-30 16:58,qwen-plus,1.558,ok,
2026-04-30 16:58,qwen3.5-flash,2.352,ok,
2026-04-30 16:58,qwen3.5-plus,9.787,ok,
2026-04-30 16:58,qwen3.5-35b-a3b,1.989,ok,
2026-04-30 16:58,qwen3.5-397b-a17b,1.146,ok,
2026-04-30 16:58,qwen3-next,1.333,ok,
2026-04-30 16:58,qwen3-32b,4.163,ok,
2026-04-30 16:58,qwen3-max,1.669,ok,
2026-04-30 16:58,qwen3-235b,1.427,ok,
2026-04-30 16:58,qwen3-coder,1.513,ok,
2026-04-30 16:58,qwen3-30b-a3b-instruct-2507,1.613,ok,
2026-04-30 16:58,glm-4.6,8.709,ok,
2026-04-30 16:58,glm-4.7,1.71,ok,
2026-04-30 16:58,glm-5,4.016,ok,
2026-04-30 16:58,glm-5.1,3.329,ok,
2026-04-30 16:58,minimax-m2.5,8.992,ok,
2026-04-30 16:58,minimax-m2.5-highspeed,2.146,ok,
2026-04-30 16:58,minimax-m2.7,5.151,ok,
2026-04-30 16:58,hunyuan-vision-1.5-instruct,2.145,ok,
2026-04-30 16:58,hunyuan-t1-vision-20250916,2.954,ok,
2026-04-30 16:58,doubao-seed-2-0-lite,3.223,ok,
2026-04-30 17:16,GPT-4.1,2.274,ok,
2026-04-30 17:16,GPT-4o,3.09,ok,
2026-04-30 17:16,gpt-4o-2024-11-20,5.002,ok,
2026-04-30 17:16,gpt-4o-2024-08-06,2.316,ok,
2026-04-30 17:16,gpt-4o-mini-2024-07-18,2.009,ok,
2026-04-30 17:16,gpt-5,4.653,ok,
2026-04-30 17:16,gpt-5-codex,3.177,ok,
2026-04-30 17:16,gpt-5.1,2.405,ok,
2026-04-30 17:16,gpt-5.1-codex,4.005,ok,
2026-04-30 17:16,gpt-5.2,2.062,ok,
2026-04-30 17:16,gpt-5.2-codex,3.38,ok,
2026-04-30 17:16,gpt-5.3-codex,3.243,ok,
2026-04-30 17:16,gpt-5.4,2.401,ok,
2026-04-30 17:16,gpt-oss-120b,1.342,ok,
2026-04-30 17:16,mog-5,7.929,ok,
2026-04-30 17:16,claude-3.7-sonnet-20250219,2.726,ok,
2026-04-30 17:16,claude-sonnet-4-20250514,2.928,ok,
2026-04-30 17:16,claude-sonnet-4-5-20250929,9.011,ok,
2026-04-30 17:16,claude-sonnet-4-6,6.52,ok,
2026-04-30 17:16,claude-haiku-4-5-20251001,2.237,ok,
2026-04-30 17:16,claude-opus-4-20250514,3.909,ok,
2026-04-30 17:16,claude-opus-4-1-20250805,4.445,ok,
2026-04-30 17:16,claude-opus-4-5-20251101,-1,fail,Request timeout (>60s) - model too slow or service unavailable
2026-04-30 17:16,claude-opus-4-6,3.159,ok,
2026-04-30 17:16,claude-opus-4-7-stable,4.437,ok,
2026-04-30 17:16,claude-sonnet-4-5-20250929-stable,3.656,ok,
2026-04-30 17:16,claude-sonnet-4-6-stable,3.865,ok,
2026-04-30 17:16,claude-haiku-4-5-20251001-stable,2.607,ok,
2026-04-30 17:16,claude-opus-4-6-stable,4.449,ok,
2026-04-30 17:16,claude-opus-4-5-20251101-stable,9.327,ok,
2026-04-30 17:16,gemini-2.5-flash-lite,2.267,ok,
2026-04-30 17:16,gemini-2.5-flash,2.34,ok,
2026-04-30 17:16,gemini-2.5-pro,1.162,ok,
2026-04-30 17:16,gemini-3-flash-preview,5.348,ok,
2026-04-30 17:16,gemini-3.1-flash-lite-preview,1.048,ok,
2026-04-30 17:16,gemini-3.1-pro-preview,-1,fail,Request timeout (>60s) - model too slow or service unavailable
2026-04-30 17:16,kimi-k2,3.349,ok,
2026-04-30 17:16,kimi-k2-5-260127,1.179,ok,
2026-04-30 17:16,kimi-k2-thinking,4.375,ok,
2026-04-30 17:16,mimo-v2-flash,7.576,ok,
2026-04-30 17:16,mimo-v2-pro,3.493,ok,
2026-04-30 17:16,deepseek-v3,1.864,ok,
2026-04-30 17:16,deepseek-v3-2-251201,2.136,ok,
2026-04-30 17:16,deepseek-reasoner,5.557,ok,
2026-04-30 17:16,deepseek-v3.1,2.21,ok,
2026-04-30 17:16,deepseek-v3.2-speciale,4.249,ok,
2026-04-30 17:16,deepseek-v4-flash,2.265,ok,
2026-04-30 17:16,deepseek-v4-pro,1.755,ok,
2026-04-30 17:16,qwen-flash,1.215,ok,
2026-04-30 17:16,qwen-turbo,1.198,ok,
2026-04-30 17:16,qwen-long,1.365,ok,
2026-04-30 17:16,qwen-plus,-1,fail,"HTTP 503 - 服务暂时不可用，上游服务过载或维护中; body={""error"":{""message"":""openai_error"",""type"":""bad_response_status_code"",""param"":"""",""code"":""bad_response_status_code""}}"
2026-04-30 17:16,qwen3.5-flash,2.61,ok,
2026-04-30 17:16,qwen3.5-plus,6.474,ok,
2026-04-30 17:16,qwen3.5-35b-a3b,3.723,ok,
2026-04-30 17:16,qwen3.5-397b-a17b,1.227,ok,
2026-04-30 17:16,qwen3-next,1.899,ok,
2026-04-30 17:16,qwen3-32b,2.738,ok,
2026-04-30 17:16,qwen3-max,2.003,ok,
2026-04-30 17:16,qwen3-235b,1.703,ok,
2026-04-30 17:16,qwen3-coder,1.46,ok,
2026-04-30 17:16,qwen3-30b-a3b-instruct-2507,1.271,ok,
2026-04-30 17:16,glm-4.6,1.666,ok,
2026-04-30 17:16,glm-4.7,4.491,ok,
2026-04-30 17:16,glm-5,12.837,ok,
2026-04-30 17:16,glm-5.1,3.722,ok,
2026-04-30 17:16,minimax-m2.5,13.226,ok,
2026-04-30 17:16,minimax-m2.5-highspeed,2.351,ok,
2026-04-30 17:16,minimax-m2.7,5.648,ok,
2026-04-30 17:16,hunyuan-vision-1.5-instruct,2.36,ok,
2026-04-30 17:16,hunyuan-t1-vision-20250916,2.254,ok,
2026-04-30 17:16,doubao-seed-2-0-lite,2.83,ok,
2026-04-30 18:16,GPT-4.1,2.033,ok,
2026-04-30 18:16,GPT-4o,2.853,ok,
2026-04-30 18:16,gpt-4o-2024-11-20,3.216,ok,
2026-04-30 18:16,gpt-4o-2024-08-06,2.41,ok,
2026-04-30 18:16,gpt-4o-mini-2024-07-18,2.128,ok,
2026-04-30 18:16,gpt-5,5.626,ok,
2026-04-30 18:16,gpt-5-codex,3.085,ok,
2026-04-30 18:16,gpt-5.1,3.566,ok,
2026-04-30 18:16,gpt-5.1-codex,13.47,ok,
2026-04-30 18:16,gpt-5.2,2.019,ok,
2026-04-30 18:16,gpt-5.2-codex,3.31,ok,
2026-04-30 18:16,gpt-5.3-codex,2.903,ok,
2026-04-30 18:16,gpt-5.4,3.776,ok,
2026-04-30 18:16,gpt-oss-120b,1.626,ok,
2026-04-30 18:16,mog-5,10.761,ok,
2026-04-30 18:16,claude-3.7-sonnet-20250219,2.752,ok,
2026-04-30 18:16,claude-sonnet-4-20250514,2.825,ok,
2026-04-30 18:16,claude-sonnet-4-5-20250929,2.65,ok,
2026-04-30 18:16,claude-sonnet-4-6,3.157,ok,
2026-04-30 18:16,claude-haiku-4-5-20251001,3.452,ok,
2026-04-30 18:16,claude-opus-4-20250514,2.795,ok,
2026-04-30 18:16,claude-opus-4-1-20250805,3.181,ok,
2026-04-30 18:16,claude-opus-4-5-20251101,4.212,ok,
2026-04-30 18:16,claude-opus-4-6,3.079,ok,
2026-04-30 18:16,claude-opus-4-7-stable,3.841,ok,
2026-04-30 18:16,claude-sonnet-4-5-20250929-stable,2.985,ok,
2026-04-30 18:16,claude-sonnet-4-6-stable,2.906,ok,
2026-04-30 18:16,claude-haiku-4-5-20251001-stable,2.336,ok,
2026-04-30 18:16,claude-opus-4-6-stable,5.155,ok,
2026-04-30 18:16,claude-opus-4-5-20251101-stable,6.944,ok,
2026-04-30 18:16,gemini-2.5-flash-lite,1.291,ok,
2026-04-30 18:16,gemini-2.5-flash,2.365,ok,
2026-04-30 18:16,gemini-2.5-pro,1.019,ok,
2026-04-30 18:16,gemini-3-flash-preview,4.953,ok,
2026-04-30 18:16,gemini-3.1-flash-lite-preview,5.787,ok,
2026-04-30 18:16,gemini-3.1-pro-preview,46.029,ok,
2026-04-30 18:16,kimi-k2,1.68,ok,
2026-04-30 18:16,kimi-k2-5-260127,3.111,ok,
2026-04-30 18:16,kimi-k2-thinking,2.032,ok,
2026-04-30 18:16,mimo-v2-flash,1.892,ok,
2026-04-30 18:16,mimo-v2-pro,3.407,ok,
2026-04-30 18:16,deepseek-v3,1.616,ok,
2026-04-30 18:16,deepseek-v3-2-251201,2.293,ok,
2026-04-30 18:16,deepseek-reasoner,2.444,ok,
2026-04-30 18:16,deepseek-v3.1,2.079,ok,
2026-04-30 18:16,deepseek-v3.2-speciale,4.888,ok,
2026-04-30 18:16,deepseek-v4-flash,2.369,ok,
2026-04-30 18:16,deepseek-v4-pro,2.673,ok,
2026-04-30 18:16,qwen-flash,1.505,ok,
2026-04-30 18:16,qwen-turbo,1.237,ok,
2026-04-30 18:16,qwen-long,1.541,ok,
2026-04-30 18:16,qwen-plus,1.44,ok,
2026-04-30 18:16,qwen3.5-flash,3.547,ok,
2026-04-30 18:16,qwen3.5-plus,4.934,ok,
2026-04-30 18:16,qwen3.5-35b-a3b,2.722,ok,
2026-04-30 18:16,qwen3.5-397b-a17b,1.77,ok,
2026-04-30 18:16,qwen3-next,1.371,ok,
2026-04-30 18:16,qwen3-32b,3.79,ok,
2026-04-30 18:16,qwen3-max,2.142,ok,
2026-04-30 18:16,qwen3-235b,3.747,ok,
2026-04-30 18:16,qwen3-coder,1.413,ok,
2026-04-30 18:16,qwen3-30b-a3b-instruct-2507,1.613,ok,
2026-04-30 18:16,glm-4.6,2.235,ok,
2026-04-30 18:16,glm-4.7,2.927,ok,
2026-04-30 18:16,glm-5,4.063,ok,
2026-04-30 18:16,glm-5.1,5.105,ok,
2026-04-30 18:16,minimax-m2.5,2.271,ok,
2026-04-30 18:16,minimax-m2.5-highspeed,2.505,ok,
2026-04-30 18:16,minimax-m2.7,2.757,ok,
2026-04-30 18:16,hunyuan-vision-1.5-instruct,1.988,ok,
2026-04-30 18:16,hunyuan-t1-vision-20250916,2.463,ok,
2026-04-30 18:16,doubao-seed-2-0-lite,2.681,ok,
2026-04-30 19:14,GPT-4.1,2.46,ok,
2026-04-30 19:14,GPT-4o,2.668,ok,
2026-04-30 19:14,gpt-4o-2024-11-20,3.539,ok,
2026-04-30 19:14,gpt-4o-2024-08-06,2.491,ok,
2026-04-30 19:14,gpt-4o-mini-2024-07-18,3.419,ok,
2026-04-30 19:14,gpt-5,3.306,ok,
2026-04-30 19:14,gpt-5-codex,3.121,ok,
2026-04-30 19:14,gpt-5.1,3.577,ok,
2026-04-30 19:14,gpt-5.1-codex,2.988,ok,
2026-04-30 19:14,gpt-5.2,4.921,ok,
2026-04-30 19:14,gpt-5.2-codex,2.49,ok,
2026-04-30 19:14,gpt-5.3-codex,4.626,ok,
2026-04-30 19:14,gpt-5.4,2.166,ok,
2026-04-30 19:14,gpt-oss-120b,1.76,ok,
2026-04-30 19:14,mog-5,15.867,ok,
2026-04-30 19:14,claude-3.7-sonnet-20250219,2.222,ok,
2026-04-30 19:14,claude-sonnet-4-20250514,2.719,ok,
2026-04-30 19:14,claude-sonnet-4-5-20250929,4.048,ok,
2026-04-30 19:14,claude-sonnet-4-6,2.728,ok,
2026-04-30 19:14,claude-haiku-4-5-20251001,2.258,ok,
2026-04-30 19:14,claude-opus-4-20250514,3.35,ok,
2026-04-30 19:14,claude-opus-4-1-20250805,2.444,ok,
2026-04-30 19:14,claude-opus-4-5-20251101,5.007,ok,
2026-04-30 19:14,claude-opus-4-6,3.112,ok,
2026-04-30 19:14,claude-opus-4-7-stable,3.772,ok,
2026-04-30 19:14,claude-sonnet-4-5-20250929-stable,5.253,ok,
2026-04-30 19:14,claude-sonnet-4-6-stable,5.002,ok,
2026-04-30 19:14,claude-haiku-4-5-20251001-stable,2.813,ok,
2026-04-30 19:14,claude-opus-4-6-stable,4.07,ok,
2026-04-30 19:14,claude-opus-4-5-20251101-stable,4.346,ok,
2026-04-30 19:14,gemini-2.5-flash-lite,1.07,ok,
2026-04-30 19:14,gemini-2.5-flash,2.662,ok,
2026-04-30 19:14,gemini-2.5-pro,1.016,ok,
2026-04-30 19:14,gemini-3-flash-preview,3.483,ok,
2026-04-30 19:14,gemini-3.1-flash-lite-preview,2.163,ok,
2026-04-30 19:14,gemini-3.1-pro-preview,12.711,ok,
2026-04-30 19:14,kimi-k2,1.918,ok,
2026-04-30 19:14,kimi-k2-5-260127,1.526,ok,
2026-04-30 19:14,kimi-k2-thinking,1.918,ok,
2026-04-30 19:14,mimo-v2-flash,2.694,ok,
2026-04-30 19:14,mimo-v2-pro,2.619,ok,
2026-04-30 19:14,deepseek-v3,1.461,ok,
2026-04-30 19:14,deepseek-v3-2-251201,2.287,ok,
2026-04-30 19:14,deepseek-reasoner,2.217,ok,
2026-04-30 19:14,deepseek-v3.1,1.833,ok,
2026-04-30 19:14,deepseek-v3.2-speciale,5.224,ok,
2026-04-30 19:14,deepseek-v4-flash,2.784,ok,
2026-04-30 19:14,deepseek-v4-pro,2.673,ok,
2026-04-30 19:14,qwen-flash,1.089,ok,
2026-04-30 19:14,qwen-turbo,1.159,ok,
2026-04-30 19:14,qwen-long,1.4,ok,
2026-04-30 19:14,qwen-plus,1.802,ok,
2026-04-30 19:14,qwen3.5-flash,2.18,ok,
2026-04-30 19:14,qwen3.5-plus,4.914,ok,
2026-04-30 19:14,qwen3.5-35b-a3b,2.062,ok,
2026-04-30 19:14,qwen3.5-397b-a17b,1.489,ok,
2026-04-30 19:14,qwen3-next,1.459,ok,
2026-04-30 19:14,qwen3-32b,3.135,ok,
2026-04-30 19:14,qwen3-max,1.815,ok,
2026-04-30 19:14,qwen3-235b,1.478,ok,
2026-04-30 19:14,qwen3-coder,2.543,ok,
2026-04-30 19:14,qwen3-30b-a3b-instruct-2507,1.372,ok,
2026-04-30 19:14,glm-4.6,1.715,ok,
2026-04-30 19:14,glm-4.7,1.816,ok,
2026-04-30 19:14,glm-5,2.041,ok,
2026-04-30 19:14,glm-5.1,4.043,ok,
2026-04-30 19:14,minimax-m2.5,2.353,ok,
2026-04-30 19:14,minimax-m2.5-highspeed,2.21,ok,
2026-04-30 19:14,minimax-m2.7,5.825,ok,
2026-04-30 19:14,hunyuan-vision-1.5-instruct,2.364,ok,
2026-04-30 19:14,hunyuan-t1-vision-20250916,1.923,ok,
2026-04-30 19:14,doubao-seed-2-0-lite,3.764,ok,
